sparsity size,coverage rate,avg length,method,F1 score
5,0.9642857142857143,6.292536284885058,MLE,0.16666666666666666
5,0.90625,6.910366531438843,Data splitting,0.3076923076923077
5,0.8333333333333334,3.422098563959027,Naive,0.5
5,0.9423076923076923,6.503405663625253,MLE,0.33333333333333337
5,0.9285714285714286,7.853177226913983,Data splitting,0.10526315789473682
5,0.55,3.6169695471206778,Naive,0.20000000000000004
5,0.9285714285714286,6.159390413936764,MLE,0.3333333333333333
5,0.78125,7.008864084282871,Data splitting,0.4615384615384615
5,0.8125,3.4393863993386393,Naive,0.6666666666666665
5,0.9444444444444444,6.770087209802552,MLE,0.0
5,0.9375,7.453882076256928,Data splitting,0.3076923076923077
5,0.85,4.050111244470914,Naive,0.20000000000000004
5,0.875,6.2990987047109455,MLE,0.1818181818181818
5,0.95,7.235280661839882,Data splitting,0.5333333333333333
5,0.75,3.435946138990225,Naive,0.28571428571428575
5,0.9583333333333334,6.222417111413595,MLE,0.5454545454545454
5,0.8214285714285714,7.471721548355373,Data splitting,0.16666666666666666
5,0.75,3.5257756216904523,Naive,0.28571428571428575
5,0.8214285714285714,6.431869041398116,MLE,0.3333333333333333
5,0.9,6.082959481508528,Data splitting,0.20000000000000004
5,0.75,3.137604860232478,Naive,0.28571428571428575
5,1.0,7.130363259916485,MLE,0.2857142857142857
5,0.7678571428571429,10.2962030019642,Data splitting,0.21052631578947364
5,0.7916666666666666,4.337725810352558,Naive,0.1818181818181818
5,0.8333333333333334,6.438375332496813,MLE,0.14285714285714285
5,0.8928571428571429,6.686951526545025,Data splitting,0.16666666666666666
5,0.75,3.583130610512195,Naive,0.22222222222222224
5,0.84375,6.394270545064993,MLE,0.4615384615384615
5,0.9,7.550713963400659,Data splitting,0.4
5,0.625,3.2499603112824698,Naive,0.28571428571428575
5,0.8333333333333334,6.51199616951524,MLE,0.5454545454545454
5,0.875,7.169574936174032,Data splitting,0.3636363636363636
5,0.625,3.367577106024235,Naive,0.28571428571428575
5,0.8181818181818182,6.66915133383248,MLE,0.5000000000000001
5,0.9722222222222222,6.756863355239279,Data splitting,0.42857142857142855
5,0.875,3.423211615252084,Naive,0.7272727272727272
5,0.8863636363636364,6.761324468528103,MLE,0.25000000000000006
5,0.71875,7.373219357476336,Data splitting,0.15384615384615385
5,0.8125,3.4781068763590204,Naive,0.22222222222222224
5,0.85,6.530688998516885,MLE,0.4
5,0.90625,7.021669087400223,Data splitting,0.4615384615384615
5,0.8125,3.529442569101521,Naive,0.4444444444444445
5,0.9444444444444444,6.364207777624288,MLE,0.5714285714285714
5,0.9583333333333334,7.473318874257244,Data splitting,0.3636363636363636
5,1.0,3.664681225027679,Naive,0.4444444444444445
5,0.9285714285714286,6.687846357979192,MLE,0.16666666666666666
5,0.9642857142857143,6.692070882795184,Data splitting,0.5
5,0.75,2.9905435529697066,Naive,0.33333333333333337
5,0.9375,6.613618812845455,MLE,0.4615384615384615
5,0.9615384615384616,8.301823814108012,Data splitting,0.2222222222222222
5,0.7083333333333334,3.805738472277934,Naive,0.5454545454545454
5,0.8125,5.902538245243158,MLE,0.4444444444444445
5,0.95,7.342739671810539,Data splitting,0.6
5,0.5,3.238312895389318,Naive,0.5714285714285715
5,0.78125,6.403527024102142,MLE,0.3076923076923077
5,0.8863636363636364,7.1700072333511295,Data splitting,0.12500000000000003
5,0.75,3.4986151739850575,Naive,0.6
5,0.75,5.666093419340858,MLE,0.25
5,0.775,7.799013818430997,Data splitting,0.26666666666666666
5,0.9,3.38096737533951,Naive,0.6
5,0.8409090909090909,6.442463187296124,MLE,0.25000000000000006
5,0.9,7.245290365098301,Data splitting,0.5333333333333333
5,0.8125,3.483563664739702,Naive,0.6666666666666665
5,0.9375,6.383248588099959,MLE,0.47058823529411764
5,0.95,6.095454892363197,Data splitting,0.4000000000000001
5,0.7,3.6429191948863924,Naive,0.6
5,0.96875,6.6017950031098325,MLE,0.3076923076923077
5,1.0,7.91647693478464,Data splitting,0.4615384615384615
5,0.9166666666666666,3.729919579588085,Naive,0.5
5,0.875,6.156113839801991,MLE,0.0
5,0.9285714285714286,6.936291425686626,Data splitting,0.0
5,0.875,3.6016813068104363,Naive,0.22222222222222224
5,0.9166666666666666,6.579449001875361,MLE,0.35294117647058826
5,0.9,6.991612498898656,Data splitting,0.4000000000000001
5,0.8333333333333334,3.411457944547973,Naive,0.5
5,0.875,6.034946015243225,MLE,0.15384615384615385
5,0.8611111111111112,6.867890926065025,Data splitting,0.14285714285714285
5,0.8333333333333334,3.36980855038705,Naive,0.25
5,0.8571428571428571,6.4371896285502554,MLE,0.3333333333333333
5,0.9375,6.895295468797045,Data splitting,0.3076923076923077
5,0.7,3.5581313534806527,Naive,0.0
5,0.8333333333333334,6.589508373025361,MLE,0.42857142857142855
5,0.8636363636363636,7.477124101374895,Data splitting,0.37499999999999994
5,0.75,3.622826824941141,Naive,0.4444444444444445
5,0.8958333333333334,6.970316309917455,MLE,0.5882352941176471
5,1.0,7.287479171615518,Data splitting,0.5
5,0.875,3.9792862989207944,Naive,0.5454545454545454
5,1.0,6.6700512774470955,MLE,0.3076923076923077
5,0.8125,6.9575727859823235,Data splitting,0.3076923076923077
5,1.0,3.326198914170041,Naive,0.5
5,0.75,6.167014523205423,MLE,0.1818181818181818
5,0.9642857142857143,6.711277163138861,Data splitting,0.5
5,1.0,2.8704528007813317,Naive,0.33333333333333337
5,0.875,6.318041260401482,MLE,0.13333333333333333
5,0.825,6.978646624105298,Data splitting,0.26666666666666666
5,0.8333333333333334,3.4727203614242064,Naive,0.5
5,0.7727272727272727,6.574709775444173,MLE,0.5000000000000001
5,0.7142857142857143,6.435547145471859,Data splitting,0.6666666666666666
5,0.8214285714285714,3.5307940356383045,Naive,0.6666666666666666
5,0.9285714285714286,6.517811526822315,MLE,0.5
5,0.8928571428571429,6.91847320493658,Data splitting,0.3333333333333333
5,0.9375,3.4055969258580374,Naive,0.6666666666666665
5,0.9090909090909091,6.489204267111432,MLE,0.5000000000000001
5,0.8055555555555556,7.2205072564911505,Data splitting,0.42857142857142855
5,0.6875,3.451918975298592,Naive,0.4444444444444445
5,0.875,6.433959057722539,MLE,0.26666666666666666
5,0.875,7.301018043969317,Data splitting,0.4615384615384615
5,0.75,3.5158218077943757,Naive,0.25
5,0.8611111111111112,6.319620614570543,MLE,0.2857142857142857
5,0.95,7.944007747959256,Data splitting,0.13333333333333333
5,0.8333333333333334,3.545889563788689,Naive,0.5
5,0.8571428571428571,6.393163209895028,MLE,0.3333333333333333
5,0.8611111111111112,7.232939362264081,Data splitting,0.2857142857142857
5,0.9375,3.3570574587574873,Naive,0.6666666666666665
5,0.9285714285714286,6.50037560742343,MLE,0.16666666666666666
5,0.95,6.24027315734523,Data splitting,0.20000000000000004
5,0.7,3.4812436800262816,Naive,0.20000000000000004
5,0.9038461538461539,6.496783661508122,MLE,0.33333333333333337
5,0.9545454545454546,7.496322110972678,Data splitting,0.37499999999999994
5,0.8,3.44234075263073,Naive,0.4000000000000001
5,0.9166666666666666,6.223219383510819,MLE,0.5454545454545454
5,0.9166666666666666,6.150967460731906,Data splitting,0.5
5,1.0,3.49296445193924,Naive,0.5714285714285715
5,0.925,6.420185205711917,MLE,0.26666666666666666
5,0.8214285714285714,7.188090726257816,Data splitting,0.3333333333333333
5,0.5833333333333334,3.479531630526289,Naive,0.5
5,0.8,6.517513644258739,MLE,0.4
5,0.8928571428571429,6.63799901557541,Data splitting,0.3333333333333333
5,0.875,3.4877486850569293,Naive,0.6666666666666665
5,0.8125,6.281732914894535,MLE,0.15384615384615385
5,0.8958333333333334,7.241067607204617,Data splitting,0.47058823529411764
5,0.875,3.3238742650048563,Naive,0.28571428571428575
5,0.875,6.856723402416263,MLE,0.0
5,0.8214285714285714,6.919740794517091,Data splitting,0.0
5,0.875,3.791556121314202,Naive,0.0
5,0.7916666666666666,6.081976677760156,MLE,0.1818181818181818
5,0.75,6.1672711552549,Data splitting,0.4000000000000001
5,0.625,3.2492291178354993,Naive,0.0
5,0.9444444444444444,6.359989829666602,MLE,0.5714285714285714
5,0.95,7.622924185720518,Data splitting,0.4
5,0.6875,3.392840963631122,Naive,0.6666666666666665
5,0.8888888888888888,6.429536241108064,MLE,0.14285714285714285
5,0.875,7.280948862816519,Data splitting,0.15384615384615385
5,0.75,3.4468855849247193,Naive,0.0
5,0.84375,6.682997239165496,MLE,0.3076923076923077
5,0.9090909090909091,8.08914414537367,Data splitting,0.25000000000000006
5,0.875,3.439321411224524,Naive,0.28571428571428575
5,0.8125,6.1336765696021605,MLE,0.4444444444444445
5,0.9166666666666666,7.477512398192157,Data splitting,0.2857142857142857
5,0.7,3.65280818613481,Naive,0.4000000000000001
5,0.85,6.461323646663976,MLE,0.4
5,0.9444444444444444,7.556158456392548,Data splitting,0.42857142857142855
5,0.625,3.6739744591297976,Naive,0.22222222222222224
5,0.7,6.697216373433872,MLE,0.0
5,0.8125,7.556365480824352,Data splitting,0.0
5,0.8333333333333334,3.9238469144906456,Naive,0.0
5,0.9,6.2550025465671535,MLE,0.4000000000000001
5,0.8125,6.249794649000601,Data splitting,0.0
5,1.0,3.4753785241437045,Naive,0.4444444444444445
5,0.9166666666666666,6.690216269291309,MLE,0.2857142857142857
5,0.9444444444444444,7.703315377330741,Data splitting,0.14285714285714285
5,0.8214285714285714,3.870023031486529,Naive,0.5
5,0.8928571428571429,6.198850525220761,MLE,0.3333333333333333
5,0.875,6.7498423892401025,Data splitting,0.4615384615384615
5,0.7916666666666666,3.5294832343350144,Naive,0.3636363636363636
5,0.825,6.494701843300407,MLE,0.4
5,0.9090909090909091,6.887643980913513,Data splitting,0.5000000000000001
5,0.8928571428571429,3.6017325182650817,Naive,0.6666666666666666
5,0.9318181818181818,6.415816842840815,MLE,0.25000000000000006
5,0.8863636363636364,7.965063244021048,Data splitting,0.37499999999999994
5,0.75,3.6318063537055028,Naive,0.25
5,0.9375,6.263062903598531,MLE,0.4615384615384615
5,0.84375,6.970700232239818,Data splitting,0.4615384615384615
5,0.8125,3.6017781121992827,Naive,0.4444444444444445
5,0.8888888888888888,6.40045305246096,MLE,0.0
5,0.9090909090909091,7.391845117763913,Data splitting,0.12500000000000003
5,0.8125,3.708565087861798,Naive,0.0
5,0.8928571428571429,6.5099897366664745,MLE,0.0
5,0.875,7.372730420069897,Data splitting,0.13333333333333333
5,0.75,3.528611155046579,Naive,0.0
5,0.7916666666666666,6.424233452580691,MLE,0.3636363636363636
5,0.9375,6.731619458149064,Data splitting,0.3076923076923077
5,0.75,3.4933018801872127,Naive,0.5
5,0.9583333333333334,6.170822396696018,MLE,0.1818181818181818
5,0.8928571428571429,7.451730892988721,Data splitting,0.3333333333333333
5,0.8333333333333334,3.6234938336496154,Naive,0.5
5,1.0,6.002353032424021,MLE,0.3636363636363636
5,0.9166666666666666,6.998096283956186,Data splitting,0.5454545454545454
5,0.75,3.4395806010898164,Naive,0.33333333333333337
5,0.7916666666666666,5.980423317099201,MLE,0.0
5,0.75,6.82237868527683,Data splitting,0.22222222222222224
5,0.375,3.2681136824483694,Naive,0.0
5,0.9,6.539168739827841,MLE,0.4
5,0.96875,7.059853344707689,Data splitting,0.4615384615384615
5,0.75,3.4750700188988297,Naive,0.22222222222222224
5,0.9583333333333334,6.3332739035778305,MLE,0.1818181818181818
5,0.95,6.732475371769715,Data splitting,0.0
5,0.75,3.4021538007725622,Naive,0.0
5,0.8888888888888888,6.280494609584829,MLE,0.5714285714285714
5,0.9166666666666666,7.12211579457343,Data splitting,0.42857142857142855
5,0.9166666666666666,3.3866730364385007,Naive,0.7499999999999999
5,0.9166666666666666,6.618840383951651,MLE,0.42857142857142855
5,0.9615384615384616,8.798538785074395,Data splitting,0.5555555555555556
5,0.95,3.975179684101626,Naive,0.6
5,0.8928571428571429,6.146181819238029,MLE,0.5
5,0.9545454545454546,7.517478366988616,Data splitting,0.37499999999999994
5,0.875,3.4909740533962417,Naive,0.6666666666666665
5,0.8,6.028185531506631,MLE,0.4000000000000001
5,0.84375,7.290596489584946,Data splitting,0.3076923076923077
5,0.875,3.555493426831475,Naive,0.22222222222222224
5,0.9318181818181818,6.589856784370144,MLE,0.25000000000000006
5,0.9642857142857143,6.308575661988948,Data splitting,0.5
5,0.85,3.6696711869452763,Naive,0.20000000000000004
5,0.9090909090909091,6.518130593018924,MLE,0.5000000000000001
5,0.925,7.588564873691629,Data splitting,0.4
5,0.75,3.3008907835916954,Naive,0.6666666666666665
5,0.875,6.068938688393851,MLE,0.0
5,0.85,6.396501966913502,Data splitting,0.4000000000000001
5,0.6666666666666666,3.5370984342958587,Naive,0.25
5,0.9107142857142857,7.321190411315835,MLE,0.3157894736842105
5,0.8409090909090909,8.102822969277307,Data splitting,0.5000000000000001
5,0.9444444444444444,4.226077616471196,Naive,0.5714285714285714
5,0.9464285714285714,6.301506276594884,MLE,0.4210526315789473
5,0.7083333333333334,6.40898552472925,Data splitting,0.1818181818181818
5,1.0,3.5391561629960595,Naive,0.4444444444444445
5,0.8928571428571429,6.692645886128402,MLE,0.16666666666666666
5,0.9,7.081722713926268,Data splitting,0.20000000000000004
5,0.25,3.5031718462465573,Naive,0.28571428571428575
5,0.7083333333333334,6.09133858158827,MLE,0.3636363636363636
5,0.9166666666666666,7.168881802898337,Data splitting,0.42857142857142855
5,0.7,3.489076660866916,Naive,0.4000000000000001
5,0.8333333333333334,6.0231239570615855,MLE,0.25
5,0.75,7.130264473720349,Data splitting,0.1818181818181818
5,0.75,3.086376939469843,Naive,0.28571428571428575
5,1.0,6.352520044970528,MLE,0.1818181818181818
5,1.0,6.60139130492057,Data splitting,0.6
5,0.8333333333333334,3.3471520917245434,Naive,0.25
5,0.8571428571428571,6.173564612285976,MLE,0.5
5,0.8333333333333334,8.534849735865636,Data splitting,0.5
5,0.95,3.5668707753993742,Naive,1.0
5,0.875,6.125007765363485,MLE,0.22222222222222224
5,0.8571428571428571,7.826167667267891,Data splitting,0.16666666666666666
5,0.625,3.6642929277781757,Naive,0.28571428571428575
5,0.925,6.664579398717583,MLE,0.13333333333333333
5,0.8611111111111112,7.621748480807288,Data splitting,0.0
5,1.0,3.5562361562145437,Naive,0.0
5,0.875,6.747967376776719,MLE,0.26666666666666666
5,0.9,7.858021662351223,Data splitting,0.4
5,0.8125,3.552801513614085,Naive,0.4444444444444445
5,0.7727272727272727,7.18071001979926,MLE,0.12500000000000003
5,0.9,7.626530952768593,Data splitting,0.20000000000000004
5,0.75,4.122867234609107,Naive,0.3636363636363636
5,0.875,6.524068704692998,MLE,0.4615384615384615
5,0.8333333333333334,6.935854523091819,Data splitting,0.42857142857142855
5,0.65,3.401958248227036,Naive,0.6
5,0.875,6.295628472804182,MLE,0.3076923076923077
5,0.8571428571428571,7.573515215000166,Data splitting,0.3333333333333333
5,0.625,3.415441608989352,Naive,0.5714285714285715
5,0.825,6.469003979502955,MLE,0.26666666666666666
5,0.96875,7.996348564328334,Data splitting,0.3076923076923077
5,0.8125,3.4904865688804216,Naive,0.22222222222222224
5,0.85,6.59460124272991,MLE,0.20000000000000004
5,0.84375,7.236106130594035,Data splitting,0.15384615384615385
5,0.9166666666666666,3.423454073040457,Naive,0.5
5,0.95,6.770950616938293,MLE,0.20000000000000004
5,0.8125,7.823839037692009,Data splitting,0.3076923076923077
5,0.8333333333333334,4.141679605905112,Naive,0.25
5,0.875,6.612524797481935,MLE,0.4615384615384615
5,0.84375,6.831480494595023,Data splitting,0.4615384615384615
5,0.8125,3.4421824207783165,Naive,0.4444444444444445
5,0.8928571428571429,6.4864714207698935,MLE,0.5
5,0.7954545454545454,8.4807500630155,Data splitting,0.625
5,0.8571428571428571,4.13991698265121,Naive,0.8333333333333333
5,0.9,6.865518962695598,MLE,0.26666666666666666
5,0.7272727272727273,7.829593476175407,Data splitting,0.37499999999999994
5,0.85,3.5885229433292176,Naive,0.20000000000000004
5,0.9285714285714286,6.287477516349457,MLE,0.16666666666666666
5,0.925,7.8927469872428615,Data splitting,0.26666666666666666
5,0.8125,3.2222345812413558,Naive,0.22222222222222224
5,0.7,6.0780606302930495,MLE,0.6
5,0.9090909090909091,8.541184554076004,Data splitting,0.25000000000000006
5,0.6875,3.8039665957758557,Naive,0.4444444444444445
5,0.875,6.6245130389391305,MLE,0.35294117647058826
5,0.8,6.380204964689413,Data splitting,0.20000000000000004
5,0.7916666666666666,3.70042133458119,Naive,0.3636363636363636
5,0.8181818181818182,6.775473656100033,MLE,0.37499999999999994
5,0.875,7.395086796360484,Data splitting,0.4615384615384615
5,0.75,3.545918734901396,Naive,0.22222222222222224
5,0.9375,6.394253308707654,MLE,0.3076923076923077
5,0.7142857142857143,6.814142299043373,Data splitting,0.16666666666666666
5,0.625,3.4750940307883558,Naive,0.0
5,0.7857142857142857,6.299278550589358,MLE,0.6666666666666666
5,0.7916666666666666,6.997082462267897,Data splitting,0.3636363636363636
5,0.6666666666666666,3.810416212484981,Naive,0.25
5,0.8611111111111112,6.347536621385216,MLE,0.42857142857142855
5,0.9583333333333334,6.823073612968536,Data splitting,0.3636363636363636
5,0.7,3.5368265185952645,Naive,0.6
5,0.75,6.40464682171577,MLE,0.20000000000000004
5,1.0,6.4519590952289905,Data splitting,0.1818181818181818
5,0.75,3.451584113386393,Naive,0.0
8,0.7,6.346481205637007,MLE,0.3076923076923077
8,0.8928571428571429,6.948321598728723,Data splitting,0.26666666666666666
8,0.875,3.4878314726268798,Naive,0.2
8,0.8333333333333334,6.5912845105747575,MLE,0.23529411764705882
8,0.90625,7.696039540139237,Data splitting,0.25
8,0.75,3.4024843943170744,Naive,0.2
8,0.9166666666666666,6.594582751476997,MLE,0.47058823529411764
8,0.8571428571428571,7.453782342295367,Data splitting,0.6666666666666666
8,1.0,3.6600783378505177,Naive,0.6666666666666666
8,0.9166666666666666,6.306967193772729,MLE,0.14285714285714288
8,0.95,8.101778145270009,Data splitting,0.33333333333333326
8,0.8333333333333334,4.023388465959433,Naive,0.18181818181818182
8,0.9,6.469677309518548,MLE,0.4444444444444445
8,0.9375,7.297076039215525,Data splitting,0.375
8,0.875,3.6024756790664103,Naive,0.3333333333333333
8,0.7777777777777778,6.979643362229313,MLE,0.35294117647058826
8,0.95,8.705080692961689,Data splitting,0.26086956521739135
8,0.5833333333333334,3.811875058447974,Naive,0.5454545454545454
8,0.7083333333333334,6.267265637443479,MLE,0.28571428571428575
8,0.9285714285714286,7.842270586702091,Data splitting,0.13333333333333333
8,0.75,3.4822637865909583,Naive,0.0
8,0.9285714285714286,6.251707006368322,MLE,0.39999999999999997
8,0.9375,6.377643499206637,Data splitting,0.3333333333333333
8,0.8333333333333334,3.4318588390660043,Naive,0.36363636363636365
8,0.9090909090909091,6.643874131828432,MLE,0.3157894736842105
8,0.9166666666666666,8.471434936086176,Data splitting,0.5
8,0.7857142857142857,3.924798241176883,Naive,0.5333333333333333
8,0.9722222222222222,6.19766790381436,MLE,0.11764705882352941
8,0.90625,7.053340315757033,Data splitting,0.25
8,0.8333333333333334,3.5849782308759237,Naive,0.0
8,0.71875,6.368596476581519,MLE,0.5
8,0.9642857142857143,6.7893956910386235,Data splitting,0.5333333333333333
8,0.8,3.62498988389959,Naive,0.6153846153846154
8,0.75,6.693983251429995,MLE,0.4444444444444445
8,0.8392857142857143,7.765966351628428,Data splitting,0.2727272727272727
8,0.7083333333333334,3.5242955610157485,Naive,0.42857142857142855
8,0.8333333333333334,6.567857015869922,MLE,0.23529411764705882
8,0.9090909090909091,7.875550942784167,Data splitting,0.2105263157894737
8,1.0,2.8529563896502417,Naive,0.2222222222222222
8,0.9166666666666666,6.257381557221958,MLE,0.35294117647058826
8,0.9,5.704647743584761,Data splitting,0.3076923076923077
8,0.7,3.549150268035637,Naive,0.4615384615384615
8,0.9642857142857143,6.433744750292632,MLE,0.36363636363636365
8,0.8833333333333333,7.8556033648139225,Data splitting,0.3478260869565218
8,0.84375,3.67824897730818,Naive,0.5
8,0.8181818181818182,7.0708440518688045,MLE,0.5263157894736842
8,0.85,8.045721279659869,Data splitting,0.6666666666666665
8,0.85,4.225850893463058,Naive,0.4615384615384615
8,0.75,6.617047754705692,MLE,0.7368421052631579
8,0.8636363636363636,7.341974408280742,Data splitting,0.4210526315789474
8,0.7857142857142857,3.887321702926683,Naive,0.6666666666666666
8,0.7222222222222222,6.869510858452049,MLE,0.5882352941176471
8,0.95,6.2959443818542855,Data splitting,0.4615384615384615
8,0.875,3.7815835200409746,Naive,0.42857142857142855
8,0.9166666666666666,6.413372926084615,MLE,0.6
8,0.9464285714285714,8.342364267525326,Data splitting,0.5454545454545454
8,0.9166666666666666,3.5581564239839643,Naive,0.5714285714285715
8,0.85,6.2771793990378875,MLE,0.6666666666666665
8,0.8333333333333334,7.108667701514434,Data splitting,0.5882352941176471
8,0.9285714285714286,3.528518938255472,Naive,0.6666666666666666
8,0.875,6.019609154675929,MLE,0.42857142857142855
8,0.90625,6.987507377270923,Data splitting,0.375
8,0.7,3.591070770205635,Naive,0.4615384615384615
8,0.875,6.9089525737261255,MLE,0.5555555555555556
8,0.90625,7.552024975056199,Data splitting,0.5
8,0.8333333333333334,3.6565738791840183,Naive,0.42857142857142855
8,0.9166666666666666,6.4659355808874075,MLE,0.5882352941176471
8,0.7857142857142857,8.866731193918985,Data splitting,0.45454545454545453
8,0.7857142857142857,3.8240479592996586,Naive,0.5333333333333333
8,0.9423076923076923,6.458928162792347,MLE,0.380952380952381
8,0.9166666666666666,7.900658629555543,Data splitting,0.5
8,0.9285714285714286,3.5015476195358386,Naive,0.6666666666666666
8,0.7916666666666666,6.660765092149013,MLE,0.42857142857142855
8,0.9166666666666666,7.0886137788115064,Data splitting,0.5882352941176471
8,0.875,3.1498069854929405,Naive,0.4
8,0.95,6.4139471695154,MLE,0.33333333333333326
8,0.78125,7.596374051016749,Data splitting,0.5
8,0.75,3.584532653972992,Naive,0.3333333333333333
8,0.8333333333333334,6.353624121493123,MLE,0.42857142857142855
8,0.875,7.146019362397733,Data splitting,0.28571428571428575
8,0.8333333333333334,3.5204619233299255,Naive,0.36363636363636365
8,0.875,6.490650458262758,MLE,0.375
8,0.8611111111111112,7.066779810920372,Data splitting,0.35294117647058826
8,0.9375,3.5682240873763496,Naive,0.5
8,0.8888888888888888,6.9603613872452765,MLE,0.35294117647058826
8,0.9285714285714286,7.650908172703876,Data splitting,0.39999999999999997
8,0.9642857142857143,4.161842689893623,Naive,0.39999999999999997
8,0.9090909090909091,6.706806644592624,MLE,0.4210526315789474
8,0.90625,7.130647393952899,Data splitting,0.625
8,0.90625,3.7295391686929777,Naive,0.625
8,0.96875,6.505071794911945,MLE,0.375
8,0.9,7.757430425273664,Data splitting,0.5555555555555556
8,1.0,3.638762729966242,Naive,0.7142857142857143
8,0.8846153846153846,6.81818760237489,MLE,0.2857142857142857
8,0.9,7.109966142391085,Data splitting,0.6153846153846154
8,0.875,3.783764840105442,Naive,0.6666666666666666
8,0.6875,6.288132023867558,MLE,0.25
8,0.9285714285714286,7.19026766106912,Data splitting,0.39999999999999997
8,0.875,3.7956512722774933,Naive,0.3333333333333333
8,0.975,6.793100760691236,MLE,0.4444444444444445
8,0.9375,6.843345416443492,Data splitting,0.25
8,0.75,3.4118326943455357,Naive,0.4615384615384615
8,0.8571428571428571,6.317852049331629,MLE,0.26666666666666666
8,0.8928571428571429,7.272177744823594,Data splitting,0.26666666666666666
8,0.8333333333333334,3.3307689454560623,Naive,0.18181818181818182
8,0.8611111111111112,6.594974222453363,MLE,0.35294117647058826
8,0.9166666666666666,6.878935295919873,Data splitting,0.7142857142857143
8,0.9375,3.4119762214251645,Naive,0.5
8,0.84375,6.285602526825731,MLE,0.375
8,0.95,7.78693860902376,Data splitting,0.4444444444444445
8,0.875,3.6427981236119904,Naive,0.6666666666666666
8,0.925,6.88257798896242,MLE,0.22222222222222224
8,0.8541666666666666,8.356563032315359,Data splitting,0.4
8,0.8333333333333334,4.042144169547417,Naive,0.42857142857142855
8,0.96875,6.702612114105033,MLE,0.25
8,0.9166666666666666,6.373238980204193,Data splitting,0.18181818181818182
8,0.75,3.636714659212407,Naive,0.16666666666666666
8,0.7857142857142857,6.459965636102524,MLE,0.39999999999999997
8,0.85,7.718025505935474,Data splitting,0.5555555555555556
8,0.875,3.660450947049905,Naive,0.5
8,0.8333333333333334,6.498108107701763,MLE,0.47058823529411764
8,0.9285714285714286,7.583443254038223,Data splitting,0.5333333333333333
8,0.9583333333333334,3.9066906178967167,Naive,0.7142857142857143
8,0.9,6.2616335476288025,MLE,0.43478260869565216
8,0.8888888888888888,7.558873754955807,Data splitting,0.35294117647058826
8,0.8125,3.497403545570008,Naive,0.3333333333333333
8,0.75,6.345508262452875,MLE,0.5
8,0.85,6.97946565350391,Data splitting,0.11111111111111112
8,0.6428571428571429,3.437071196747636,Naive,0.0
8,0.8611111111111112,6.437057915985754,MLE,0.35294117647058826
8,0.9583333333333334,8.21935260105848,Data splitting,0.5
8,0.8928571428571429,3.6750874445444497,Naive,0.6666666666666666
8,0.95,6.800171359812275,MLE,0.5555555555555556
8,0.9285714285714286,6.947235654095488,Data splitting,0.5333333333333333
8,0.8214285714285714,3.594048122991842,Naive,0.7999999999999999
8,0.8888888888888888,6.478394036998954,MLE,0.35294117647058826
8,0.875,6.772594518093496,Data splitting,0.125
8,0.5625,3.612368072861914,Naive,0.16666666666666666
8,0.95,6.241330590643304,MLE,0.15384615384615385
8,0.6875,6.111025214619657,Data splitting,0.16666666666666666
8,1.0,3.4880471182724495,Naive,0.2222222222222222
8,0.8125,6.9491906620427395,MLE,0.375
8,1.0,6.803366910796218,Data splitting,0.28571428571428575
8,0.75,3.8094816192092695,Naive,0.3333333333333333
8,0.8863636363636364,7.064801901731507,MLE,0.4210526315789474
8,0.9285714285714286,7.366793553930322,Data splitting,0.5333333333333333
8,0.6785714285714286,3.977433151122335,Naive,0.6666666666666666
8,0.9583333333333334,6.68750087668419,MLE,0.28571428571428575
8,1.0,8.218521772049783,Data splitting,0.3076923076923077
8,0.8333333333333334,4.14266422871573,Naive,0.36363636363636365
8,0.9375,6.52203928298608,MLE,0.375
8,0.8571428571428571,6.992557019176798,Data splitting,0.5333333333333333
8,0.875,3.6728525417623494,Naive,0.42857142857142855
8,0.8,6.653183122073005,MLE,0.4444444444444445
8,0.85,7.7896785775155895,Data splitting,0.5555555555555556
8,0.8,3.914617388899964,Naive,0.6153846153846154
8,0.875,6.536372010018882,MLE,0.5
8,0.9722222222222222,7.312903141005808,Data splitting,0.35294117647058826
8,0.8571428571428571,4.077589887429634,Naive,0.5333333333333333
8,0.9375,6.761714566709713,MLE,0.375
8,0.8888888888888888,8.114298184299344,Data splitting,0.47058823529411764
8,0.8,4.002031762664592,Naive,0.4615384615384615
8,0.8571428571428571,6.3109886050569655,MLE,0.26666666666666666
8,1.0,7.134963483310177,Data splitting,0.47058823529411764
8,1.0,3.622550236990613,Naive,0.5454545454545454
8,0.8125,6.436084420832384,MLE,0.5
8,0.9375,6.872360522380387,Data splitting,0.5
8,0.85,3.5829496243011647,Naive,0.5555555555555556
8,0.9,6.757420301082507,MLE,0.33333333333333326
8,1.0,7.656931928654709,Data splitting,0.11111111111111112
8,0.75,3.6399361634336826,Naive,0.18181818181818182
8,0.8611111111111112,6.772433757838051,MLE,0.47058823529411764
8,0.9318181818181818,7.7660714256899555,Data splitting,0.5263157894736842
8,0.9,3.508509640212689,Naive,0.6153846153846154
8,0.875,6.492249234656026,MLE,0.22222222222222224
8,0.8958333333333334,7.0738974301031154,Data splitting,0.4
8,0.90625,3.6456481030628156,Naive,0.375
8,0.8333333333333334,6.674532899240293,MLE,0.43478260869565216
8,0.8214285714285714,6.642883247507669,Data splitting,0.5333333333333333
8,0.5833333333333334,3.5531120874893283,Naive,0.18181818181818182
8,0.95,6.3881038456202734,MLE,0.15384615384615385
8,0.9166666666666666,7.819474607053027,Data splitting,0.14285714285714288
8,0.625,3.653134346593332,Naive,0.2
8,0.8125,6.696246545293033,MLE,0.625
8,0.95,8.173118409226229,Data splitting,0.5217391304347827
8,0.7,3.726260545798089,Naive,0.3076923076923077
8,0.875,6.3859089163176295,MLE,0.7142857142857143
8,0.8928571428571429,6.044068396367734,Data splitting,0.39999999999999997
8,0.9583333333333334,3.4677531913760298,Naive,0.5714285714285715
8,0.925,6.411664578614788,MLE,0.5555555555555556
8,0.8636363636363636,7.336439047360977,Data splitting,0.5263157894736842
8,0.75,3.4195237509550815,Naive,0.4615384615384615
8,0.84375,6.4890487501889815,MLE,0.5
8,0.9166666666666666,7.582638871548678,Data splitting,0.47058823529411764
8,0.75,3.7115450222309194,Naive,0.5
8,0.9,6.9053995492193625,MLE,0.5555555555555556
8,0.95,8.686689955661384,Data splitting,0.4444444444444445
8,0.8055555555555556,4.359364239202446,Naive,0.7058823529411765
8,0.9375,6.334462940486839,MLE,0.5
8,0.7777777777777778,8.60249531166217,Data splitting,0.47058823529411764
8,0.75,3.6355979218585714,Naive,0.6666666666666666
8,0.95,7.148923259533045,MLE,0.33333333333333326
8,0.8333333333333334,8.197412231256495,Data splitting,0.35294117647058826
8,0.8928571428571429,4.267951748866844,Naive,0.39999999999999997
8,0.875,6.499739916699373,MLE,0.5714285714285715
8,0.8888888888888888,7.303203646094374,Data splitting,0.47058823529411764
8,0.875,3.8076069456359978,Naive,0.3333333333333333
8,0.9444444444444444,6.394021082587424,MLE,0.47058823529411764
8,0.9444444444444444,8.084514575952387,Data splitting,0.7058823529411765
8,0.85,3.6597281822714693,Naive,0.7692307692307693
8,0.925,6.624178028081443,MLE,0.5555555555555556
8,0.8333333333333334,7.548128564812119,Data splitting,0.23529411764705882
8,1.0,3.4487792355018594,Naive,0.2
8,0.78125,6.679413656393119,MLE,0.625
8,1.0,7.191110308712611,Data splitting,0.5882352941176471
8,0.9166666666666666,3.4521359428953993,Naive,0.5454545454545454
8,0.90625,6.522743009550826,MLE,0.25
8,0.75,6.9664516737334194,Data splitting,0.42857142857142855
8,0.9166666666666666,3.305600134967125,Naive,0.36363636363636365
8,1.0,6.88617333647753,MLE,0.5
8,0.9090909090909091,8.668877715471274,Data splitting,0.3157894736842105
8,0.8214285714285714,4.335518346396522,Naive,0.39999999999999997
8,0.7857142857142857,6.400767130995787,MLE,0.39999999999999997
8,0.875,7.529155997633948,Data splitting,0.625
8,0.6666666666666666,3.491838394032966,Naive,0.36363636363636365
8,0.875,6.779123385270251,MLE,0.33333333333333326
8,0.90625,7.554460092373615,Data splitting,0.625
8,0.625,3.579616036359756,Naive,0.4
8,0.9038461538461539,6.608318788627198,MLE,0.5714285714285714
8,0.9772727272727273,7.007358783779918,Data splitting,0.2105263157894737
8,0.71875,3.6781053482065853,Naive,0.5
8,0.9642857142857143,6.428971996920828,MLE,0.6666666666666666
8,0.9,7.532621902304942,Data splitting,0.4444444444444445
8,0.7142857142857143,3.5330747681259687,Naive,0.5333333333333333
8,0.9722222222222222,6.378078853868205,MLE,0.5882352941176471
8,0.9444444444444444,7.383707838987513,Data splitting,0.5882352941176471
8,0.75,3.8544514004799906,Naive,0.75
8,0.8863636363636364,6.58236256712727,MLE,0.5263157894736842
8,1.0,7.813385026832581,Data splitting,0.625
8,0.8928571428571429,3.9160215124241646,Naive,0.6666666666666666
8,0.9,6.652947022517962,MLE,0.4444444444444445
8,0.9166666666666666,6.952517679558559,Data splitting,0.47058823529411764
8,0.75,3.583443754693947,Naive,0.5333333333333333
8,0.875,6.281177870031179,MLE,0.28571428571428575
8,0.8214285714285714,6.773483338830128,Data splitting,0.39999999999999997
8,0.75,3.3650732291631544,Naive,0.3333333333333333
8,0.9,6.474148728669178,MLE,0.4444444444444445
8,0.8846153846153846,7.860840590664763,Data splitting,0.4761904761904762
8,0.75,3.6276226957190785,Naive,0.6153846153846154
8,0.9038461538461539,6.476861536708248,MLE,0.2857142857142857
8,0.84375,8.517078183567968,Data splitting,0.25
8,0.85,4.0444808589192185,Naive,0.4615384615384615
8,0.875,6.318226372489514,MLE,0.25
8,0.85,6.542280873597859,Data splitting,0.4615384615384615
8,0.625,3.5908840855936353,Naive,0.6666666666666666
8,0.9166666666666666,6.536893031436731,MLE,0.42857142857142855
8,0.9375,7.585214453554065,Data splitting,0.25
8,0.75,3.9502177030686982,Naive,0.28571428571428575
8,0.85,6.227930950645574,MLE,0.3076923076923077
8,0.875,6.572562028370083,Data splitting,0.14285714285714288
8,0.75,3.5116417166012024,Naive,0.0
8,0.9285714285714286,6.078112143511737,MLE,0.39999999999999997
8,0.8888888888888888,7.285182520204079,Data splitting,0.35294117647058826
8,0.875,3.375279736855372,Naive,0.2
8,0.925,6.703549096513379,MLE,0.4444444444444445
8,0.8571428571428571,7.582570332777871,Data splitting,0.5333333333333333
8,0.6875,4.091433317622981,Naive,0.6666666666666666
8,0.8125,6.915097983172235,MLE,0.625
8,0.8269230769230769,8.79842599165279,Data splitting,0.380952380952381
8,0.7857142857142857,3.83680068421269,Naive,0.26666666666666666
8,0.8214285714285714,7.069791017132898,MLE,0.26666666666666666
8,0.9375,8.97464305295653,Data splitting,0.375
8,0.7916666666666666,4.384465869225342,Naive,0.28571428571428575
8,0.7727272727272727,6.666750080718805,MLE,0.4210526315789474
8,0.6428571428571429,6.8103947963126945,Data splitting,0.39999999999999997
8,0.9,3.735029089934914,Naive,0.4615384615384615
8,0.9583333333333334,6.977815570063349,MLE,0.28571428571428575
8,0.9444444444444444,7.286246438360258,Data splitting,0.47058823529411764
8,0.9375,3.630042159550527,Naive,0.5
8,0.90625,6.402732480622323,MLE,0.25
8,0.9375,6.304387620217671,Data splitting,0.16666666666666666
8,0.75,3.2753220772988794,Naive,0.2
8,0.9642857142857143,6.476886723399926,MLE,0.39999999999999997
8,0.9583333333333334,6.32728119904063,Data splitting,0.42857142857142855
8,0.8333333333333334,3.5556177788941743,Naive,0.5454545454545454
8,0.9375,6.100406484341418,MLE,0.125
8,0.9090909090909091,7.637552738594261,Data splitting,0.2105263157894737
8,0.8125,3.560451367280031,Naive,0.3333333333333333
8,0.8636363636363636,6.430288956113228,MLE,0.0
8,0.8863636363636364,7.993008577953391,Data splitting,0.3157894736842105
8,0.7916666666666666,4.063929259909152,Naive,0.28571428571428575
8,0.8333333333333334,6.505134601853614,MLE,0.35294117647058826
8,0.85,8.172005038033355,Data splitting,0.5555555555555556
8,0.85,3.924464962901598,Naive,0.6153846153846154
8,0.8888888888888888,6.3745046339220615,MLE,0.7058823529411765
8,0.7,7.545386239966605,Data splitting,0.5555555555555556
8,0.8611111111111112,3.562448543352792,Naive,0.47058823529411764
8,0.7916666666666666,6.83375584481679,MLE,0.14285714285714288
8,0.8928571428571429,7.4713526446556395,Data splitting,0.13333333333333333
8,0.625,3.6201976113876526,Naive,0.2
10,0.8,6.336471050452514,MLE,0.20000000000000004
10,0.6875,7.804536291277465,Data splitting,0.22222222222222224
10,0.625,3.2642585006391243,Naive,0.16666666666666669
10,0.8636363636363636,6.9520407806971285,MLE,0.47619047619047616
10,0.9464285714285714,9.073038259790767,Data splitting,0.5
10,0.75,3.792279464467859,Naive,0.5
10,0.8166666666666667,6.867725993887002,MLE,0.48
10,0.8888888888888888,7.84285702634211,Data splitting,0.4210526315789474
10,0.7083333333333334,3.895819199592109,Naive,0.625
10,0.9642857142857143,6.354016442205704,MLE,0.47058823529411764
10,0.8,7.929075619792096,Data splitting,0.5
10,0.75,3.7352087284650595,Naive,0.37499999999999994
10,0.7083333333333334,6.612012747790246,MLE,0.37499999999999994
10,0.9375,7.42053439343429,Data splitting,0.3636363636363636
10,0.7857142857142857,3.6095893904844076,Naive,0.47058823529411764
10,0.775,6.69049611278038,MLE,0.20000000000000004
10,0.8863636363636364,8.174551372592104,Data splitting,0.28571428571428564
10,0.8,3.601917205659329,Naive,0.26666666666666666
10,0.8928571428571429,6.333161299639431,MLE,0.23529411764705882
10,0.9285714285714286,6.4938729118964815,Data splitting,0.3529411764705882
10,0.78125,3.86018884055126,Naive,0.4444444444444445
10,0.96875,6.187807367761807,MLE,0.33333333333333326
10,0.8214285714285714,6.902526630009334,Data splitting,0.3529411764705882
10,0.8125,3.6774485479726646,Naive,0.14285714285714288
10,0.8409090909090909,6.739999672381956,MLE,0.47619047619047616
10,0.7727272727272727,7.8607992929947,Data splitting,0.380952380952381
10,0.78125,3.915309462006647,Naive,0.5555555555555556
10,0.75,6.525391934377699,MLE,0.4210526315789474
10,0.9,7.338836067392229,Data splitting,0.5
10,0.65,3.611547043255931,Naive,0.4
10,0.9444444444444444,6.283164130008716,MLE,0.631578947368421
10,0.9166666666666666,6.963190178449531,Data splitting,0.4210526315789474
10,0.8611111111111112,3.752442751989673,Naive,0.631578947368421
10,0.7916666666666666,6.422357468362464,MLE,0.6363636363636365
10,0.875,6.8248799362722234,Data splitting,0.4444444444444445
10,0.875,3.5513005876812698,Naive,0.7499999999999999
10,0.8409090909090909,6.5345951624995475,MLE,0.28571428571428564
10,0.9318181818181818,7.324904506058661,Data splitting,0.47619047619047616
10,0.78125,3.76830007438498,Naive,0.4444444444444445
10,0.8653846153846154,6.547037969951973,MLE,0.5217391304347826
10,0.85,7.799636839329145,Data splitting,0.48
10,0.8409090909090909,3.723339221644137,Naive,0.6666666666666666
10,0.8461538461538461,6.495907384024639,MLE,0.608695652173913
10,0.9583333333333334,7.035309552520389,Data splitting,0.6363636363636365
10,0.7727272727272727,3.612185602750436,Naive,0.761904761904762
10,0.9375,6.583538956022647,MLE,0.22222222222222224
10,0.925,8.692711691590764,Data splitting,0.5
10,0.875,4.557194218971126,Naive,0.5555555555555556
10,0.9423076923076923,6.534313619483232,MLE,0.4347826086956522
10,0.9166666666666666,6.547882583274345,Data splitting,0.4210526315789474
10,0.9444444444444444,3.5456666316848118,Naive,0.5263157894736842
10,0.8214285714285714,6.436764473716037,MLE,0.588235294117647
10,0.9318181818181818,7.4122297385963725,Data splitting,0.47619047619047616
10,0.9166666666666666,3.6227510341522637,Naive,0.625
10,0.85,6.285008499092037,MLE,0.6
10,0.875,7.494198518207468,Data splitting,0.6363636363636365
10,0.9,3.5273811049739514,Naive,0.6666666666666666
10,0.8611111111111112,6.480716013679134,MLE,0.5714285714285714
10,0.8958333333333334,7.187693761591897,Data splitting,0.5454545454545454
10,0.7142857142857143,3.4572149607312883,Naive,0.47058823529411764
10,0.875,6.596031144063448,MLE,0.4000000000000001
10,0.9545454545454546,7.870368055785234,Data splitting,0.5714285714285713
10,0.75,3.622043115151115,Naive,0.6666666666666666
10,0.75,6.323139376340432,MLE,0.25
10,0.9166666666666666,6.5693404825446455,Data splitting,0.2105263157894737
10,0.875,3.621681198803685,Naive,0.25
10,0.8214285714285714,6.7288194608285306,MLE,0.5833333333333334
10,0.8863636363636364,8.644202483797875,Data splitting,0.761904761904762
10,0.7142857142857143,4.037946245706869,Naive,0.588235294117647
10,0.9791666666666666,6.580667664174147,MLE,0.5454545454545454
10,0.95,7.030330790935901,Data splitting,0.5
10,0.7083333333333334,3.727726957245031,Naive,0.625
10,0.8125,6.36027056150254,MLE,0.33333333333333326
10,0.95,6.835210040282132,Data splitting,0.20000000000000004
10,0.8,3.3575013976505295,Naive,0.13333333333333333
10,0.75,6.780389342231092,MLE,0.3157894736842105
10,0.9444444444444444,7.6775797215948485,Data splitting,0.4210526315789474
10,1.0,3.852969639075172,Naive,0.5333333333333333
10,0.7083333333333334,6.503595748957416,MLE,0.125
10,0.8611111111111112,6.856043294520541,Data splitting,0.3157894736842105
10,0.7083333333333334,3.58594386232355,Naive,0.37499999999999994
10,0.90625,6.5273625358339595,MLE,0.22222222222222224
10,0.9722222222222222,7.244668471760161,Data splitting,0.2105263157894737
10,0.75,3.7470658106776904,Naive,0.14285714285714288
10,0.78125,7.709458885691536,MLE,0.5555555555555556
10,1.0,8.585259165333355,Data splitting,0.22222222222222224
10,0.8,4.430957254654252,Naive,0.5333333333333333
10,0.8571428571428571,6.406584117484229,MLE,0.47058823529411764
10,0.9038461538461539,8.125376886412198,Data splitting,0.4347826086956522
10,0.9166666666666666,3.607097037764886,Naive,0.5
10,0.8541666666666666,6.763746686881949,MLE,0.3636363636363636
10,0.875,6.814674657197599,Data splitting,0.6666666666666665
10,0.9375,3.6467971253438214,Naive,0.5714285714285715
10,0.8928571428571429,6.346063534903185,MLE,0.23529411764705882
10,0.9642857142857143,7.222959067187027,Data splitting,0.23529411764705882
10,0.8125,3.732275767312567,Naive,0.4285714285714285
10,0.925,6.520235404904125,MLE,0.4000000000000001
10,0.84375,6.918424812074756,Data splitting,0.22222222222222224
10,0.9375,3.790114514798568,Naive,0.6666666666666665
10,0.95,6.689690038636835,MLE,0.3
10,0.8863636363636364,7.605023879575743,Data splitting,0.47619047619047616
10,0.7857142857142857,3.8236458045486805,Naive,0.47058823529411764
10,0.85,6.439859776634343,MLE,0.5333333333333333
10,0.9318181818181818,7.743673987926039,Data splitting,0.6666666666666666
10,0.75,3.7596396609444107,Naive,0.625
10,0.8333333333333334,6.462566125101229,MLE,0.6363636363636365
10,0.9375,7.45335611378102,Data splitting,0.6363636363636365
10,0.8636363636363636,3.6249415432008005,Naive,0.761904761904762
10,0.7916666666666666,6.2766048295965975,MLE,0.7499999999999999
10,0.9375,7.115359110635325,Data splitting,0.4444444444444445
10,0.75,3.4272723436566324,Naive,0.4285714285714285
10,0.7857142857142857,6.794042844115045,MLE,0.11764705882352941
10,0.84375,8.216637467579279,Data splitting,0.5555555555555556
10,0.75,3.7986260520107034,Naive,0.33333333333333337
10,0.9444444444444444,7.174927003271997,MLE,0.5263157894736842
10,0.8928571428571429,6.877978394607204,Data splitting,0.588235294117647
10,0.8928571428571429,3.981041339878284,Naive,0.588235294117647
10,0.868421052631579,6.692993739257897,MLE,0.41379310344827586
10,0.9318181818181818,6.937445547508486,Data splitting,0.28571428571428564
10,0.7708333333333334,3.6371906385581405,Naive,0.3636363636363636
10,0.825,6.55984120039551,MLE,0.4000000000000001
10,0.8636363636363636,8.022805586399269,Data splitting,0.380952380952381
10,0.6,3.889278746675518,Naive,0.4
10,1.0,6.40458029048029,MLE,0.5555555555555556
10,0.9583333333333334,6.73245080144531,Data splitting,0.5
10,0.6666666666666666,3.276802854844066,Naive,0.30769230769230765
10,0.8333333333333334,6.698999253892178,MLE,0.631578947368421
10,0.90625,6.863918345164694,Data splitting,0.4444444444444445
10,0.8125,3.6894072928494266,Naive,0.5714285714285715
10,0.875,6.872874618585579,MLE,0.5
10,0.9821428571428571,7.852639335979108,Data splitting,0.5
10,0.8888888888888888,3.659122175525406,Naive,0.7368421052631577
10,0.8214285714285714,6.943087756449778,MLE,0.588235294117647
10,0.6875,7.2611291945358865,Data splitting,0.6666666666666665
10,0.875,3.8901106322135095,Naive,0.4285714285714285
10,0.75,6.636659747086588,MLE,0.3529411764705882
10,0.6666666666666666,7.264965964114427,Data splitting,0.37499999999999994
10,1.0,3.7743417047412553,Naive,0.5714285714285715
10,0.9375,6.598023201396482,MLE,0.3636363636363636
10,0.9318181818181818,8.031663149860385,Data splitting,0.47619047619047616
10,0.8214285714285714,3.7030795651353214,Naive,0.588235294117647
10,0.8333333333333334,6.650644993025089,MLE,0.37499999999999994
10,1.0,8.238144679729263,Data splitting,0.5714285714285713
10,0.75,3.4575720292210868,Naive,0.0
10,0.84375,6.143792626840556,MLE,0.5555555555555556
10,0.9166666666666666,7.854183119695793,Data splitting,0.3636363636363636
10,0.8125,3.703429482390681,Naive,0.4285714285714285
10,0.84375,7.065533717438997,MLE,0.33333333333333326
10,0.7083333333333334,8.093676495024651,Data splitting,0.25
10,0.9166666666666666,4.468298479764632,Naive,0.37499999999999994
10,0.9166666666666666,6.613047916467558,MLE,0.4210526315789474
10,0.8636363636363636,8.32518163645289,Data splitting,0.6666666666666666
10,0.7916666666666666,3.6205585056415006,Naive,0.5
10,0.8333333333333334,6.670069472050372,MLE,0.37499999999999994
10,1.0,7.291397550856073,Data splitting,0.4615384615384615
10,0.8125,3.88388772732603,Naive,0.5714285714285715
10,0.7222222222222222,6.565177939134183,MLE,0.3157894736842105
10,0.9038461538461539,8.7657873317041,Data splitting,0.4347826086956522
10,0.6,3.9303229321518707,Naive,0.26666666666666666
10,0.875,6.808789798552704,MLE,0.6
10,0.9642857142857143,7.406111867538313,Data splitting,0.47058823529411764
10,0.9,4.0197902723791845,Naive,0.5333333333333333
10,0.8833333333333333,6.672238864565993,MLE,0.56
10,0.875,7.9028106806845,Data splitting,0.5
10,0.8571428571428571,3.8396892803403366,Naive,0.8235294117647058
10,0.8833333333333333,6.227359663896598,MLE,0.4
10,0.8636363636363636,7.013788411922682,Data splitting,0.47619047619047616
10,0.9038461538461539,3.5784913818675173,Naive,0.5217391304347826
10,0.875,6.769172359124871,MLE,0.4000000000000001
10,0.90625,7.707305849339441,Data splitting,0.5555555555555556
10,0.75,3.6516246209776897,Naive,0.4
10,0.78125,6.450288242209151,MLE,0.5555555555555556
10,0.9285714285714286,6.8508472503965505,Data splitting,0.588235294117647
10,0.8333333333333334,3.623620040225419,Naive,0.625
10,0.875,6.679059182677014,MLE,0.4615384615384615
10,0.8214285714285714,7.583167581593725,Data splitting,0.41666666666666663
10,0.875,3.659701002259337,Naive,0.6
10,0.9,6.397660129611266,MLE,0.4000000000000001
10,0.9642857142857143,7.645609897746934,Data splitting,0.47058823529411764
10,0.8333333333333334,3.5311631937058423,Naive,0.30769230769230765
10,0.7777777777777778,6.666321318228013,MLE,0.3157894736842105
10,0.96875,6.954265347567173,Data splitting,0.22222222222222224
10,0.9375,3.798428134123925,Naive,0.4285714285714285
10,0.7916666666666666,6.412385667836126,MLE,0.37499999999999994
10,0.9722222222222222,7.468973054424394,Data splitting,0.5263157894736842
10,0.75,3.614586604598186,Naive,0.30769230769230765
10,0.8,6.570036723470783,MLE,0.3
10,0.875,6.674129144164908,Data splitting,0.33333333333333326
10,0.75,3.6968776683077564,Naive,0.33333333333333326
10,0.90625,6.59409580088056,MLE,0.4444444444444445
10,0.8611111111111112,7.5561580975193845,Data splitting,0.4210526315789474
10,0.875,3.352743569592697,Naive,0.4285714285714285
10,0.7083333333333334,6.44552633810101,MLE,0.25
10,0.95,7.614832686853935,Data splitting,0.5
10,0.7916666666666666,3.8604518560543752,Naive,0.5
10,0.7708333333333334,6.921508774315555,MLE,0.45454545454545453
10,0.7321428571428571,9.805820106646907,Data splitting,0.5
10,0.8214285714285714,4.252101309315463,Naive,0.588235294117647
10,0.8125,6.668858431658298,MLE,0.45454545454545453
10,0.8,7.015856420490548,Data splitting,0.3
10,0.6875,3.8319758113011906,Naive,0.4444444444444445
10,1.0,7.0745734462659025,MLE,0.47058823529411764
10,0.8611111111111112,8.697623320154081,Data splitting,0.5263157894736842
10,0.8,4.237289867518631,Naive,0.4
10,0.9166666666666666,6.37093119900656,MLE,0.25
10,0.90625,7.089352045129076,Data splitting,0.33333333333333326
10,0.85,3.8837003578131295,Naive,0.26666666666666666
10,0.9375,6.566410940829342,MLE,0.5454545454545454
10,0.85,8.372959658319601,Data splitting,0.6
10,0.8928571428571429,4.046564318560327,Naive,0.588235294117647
10,0.875,6.405950883636723,MLE,0.33333333333333326
10,0.9642857142857143,7.35379764693589,Data splitting,0.47058823529411764
10,0.75,3.578465539488338,Naive,0.26666666666666666
10,0.9545454545454546,6.526474051532469,MLE,0.5714285714285713
10,0.8461538461538461,7.641441720041627,Data splitting,0.2608695652173913
10,0.875,3.62348090580533,Naive,0.5
10,0.9772727272727273,6.398682570626028,MLE,0.47619047619047616
10,0.9615384615384616,8.091875042424702,Data splitting,0.608695652173913
10,0.875,3.6974837463111334,Naive,0.7777777777777777
10,0.875,7.846829186437828,MLE,0.3076923076923077
10,0.875,9.688906275592062,Data splitting,0.3333333333333333
10,0.8333333333333334,4.731252679440008,Naive,0.4210526315789474
10,0.625,6.314607114451627,MLE,0.14285714285714288
10,0.875,7.08563491889398,Data splitting,0.125
10,0.9166666666666666,3.5000062931136866,Naive,0.15384615384615383
10,0.9,6.459120268346696,MLE,0.5
10,0.7857142857142857,7.977635648076064,Data splitting,0.5
10,0.90625,3.588980151726682,Naive,0.4444444444444445
10,0.9375,6.505352438329585,MLE,0.5454545454545454
10,0.9318181818181818,8.008760569376655,Data splitting,0.761904761904762
10,0.8125,3.7625109498637435,Naive,0.7777777777777777
10,0.85,6.8132167194042665,MLE,0.4000000000000001
10,0.75,6.463468539472096,Data splitting,0.4285714285714285
10,0.9166666666666666,3.445760305644486,Naive,0.30769230769230765
10,0.9166666666666666,6.581425390472936,MLE,0.45454545454545453
10,0.85,7.226563085851889,Data splitting,0.7
10,0.90625,3.680662888004683,Naive,0.7777777777777777
10,0.8928571428571429,6.920440029089268,MLE,0.5833333333333334
10,0.8846153846153846,8.636611788433278,Data splitting,0.608695652173913
10,0.8958333333333334,4.004123125197091,Naive,0.7272727272727272
10,0.9,6.743641548037241,MLE,0.5
10,1.0,6.600187944850977,Data splitting,0.30769230769230765
10,0.875,3.1770032979175085,Naive,0.33333333333333337
10,0.8,6.697203246708829,MLE,0.20000000000000004
10,0.7857142857142857,7.877060710589854,Data splitting,0.11764705882352941
10,0.85,3.900373487734362,Naive,0.3
10,0.9090909090909091,6.269881002157574,MLE,0.5714285714285713
10,0.8863636363636364,7.942494723316535,Data splitting,0.47619047619047616
10,0.875,3.785380208562522,Naive,0.625
10,0.925,6.797349198933364,MLE,0.5
10,0.95,8.054262848694057,Data splitting,0.4000000000000001
10,0.85,4.246756848855153,Naive,0.4
10,0.75,6.263289936839609,MLE,0.26666666666666666
10,0.85,7.858887361838403,Data splitting,0.3
10,0.8928571428571429,3.719783641105561,Naive,0.47058823529411764
10,0.75,6.78469471908925,MLE,0.5
10,0.925,8.428549239621073,Data splitting,0.5
10,0.84375,4.055694504230292,Naive,0.5555555555555556
10,0.8928571428571429,6.505247242472023,MLE,0.3529411764705882
10,1.0,6.42887424316782,Data splitting,0.14285714285714288
10,0.8333333333333334,3.479102877927436,Naive,0.30769230769230765
10,0.9285714285714286,6.417470419786587,MLE,0.5
10,0.9772727272727273,7.631235629850883,Data splitting,0.47619047619047616
10,0.84375,3.8566054233163607,Naive,0.5555555555555556
10,0.8863636363636364,6.655215846499309,MLE,0.47619047619047616
10,0.925,7.76807564898648,Data splitting,0.6
10,0.90625,3.877784168617586,Naive,0.4444444444444445
10,0.6388888888888888,6.061323984313592,MLE,0.5263157894736842
10,0.9,7.309382970525275,Data splitting,0.5
10,0.7916666666666666,3.4720537842959374,Naive,0.5
10,0.9285714285714286,7.373979707898323,MLE,0.41666666666666663
10,0.85,9.081525535192515,Data splitting,0.4000000000000001
10,0.9166666666666666,4.547168535163706,Naive,0.625
10,0.925,6.688374814351427,MLE,0.4000000000000001
10,1.0,6.6060435387828464,Data splitting,0.37499999999999994
10,0.75,3.496768601177412,Naive,0.16666666666666669
10,0.75,6.1011787293378665,MLE,0.30769230769230765
10,0.7916666666666666,7.085980030465072,Data splitting,0.37499999999999994
10,0.875,3.689385768163715,Naive,0.4285714285714285
10,0.9166666666666666,6.5811234567945025,MLE,0.5263157894736842
10,0.8888888888888888,7.282108814892236,Data splitting,0.4210526315789474
10,0.75,3.4481408069429773,Naive,0.4615384615384615
10,0.8,6.538750283476082,MLE,0.4000000000000001
10,0.9642857142857143,6.994447074806905,Data splitting,0.3529411764705882
10,0.6875,3.8502621912377384,Naive,0.4285714285714285
10,0.7045454545454546,6.919268256150904,MLE,0.5714285714285713
10,0.875,7.198436071221702,Data splitting,0.5
10,0.8333333333333334,3.6829934375181246,Naive,0.5
10,0.9166666666666666,6.442849275288865,MLE,0.2105263157894737
10,0.9166666666666666,7.045864809406152,Data splitting,0.3157894736842105
10,0.75,3.295815695810907,Naive,0.30769230769230765
10,0.9642857142857143,6.137889828506795,MLE,0.3529411764705882
10,0.95,7.8412546078304475,Data splitting,0.7
10,0.625,3.4887377612539137,Naive,0.16666666666666669
10,0.925,6.689276199969011,MLE,0.4000000000000001
10,0.9423076923076923,7.539614616223854,Data splitting,0.4347826086956522
10,0.8214285714285714,3.8995740594793022,Naive,0.3529411764705882
10,0.875,6.450336006464806,MLE,0.22222222222222224
10,0.95,7.511106188015392,Data splitting,0.3
10,0.8928571428571429,3.822828665887012,Naive,0.3529411764705882
