Index,target,LCB,UCB,TP,sparsity size,F1,Method
0.0,0.0025781220565019906,-6.113566348234307,3.233090332867758,False,5.0,0.25,MLE
0.0,0.018492338892723083,-1.1946155123914326,3.797247281426538,False,5.0,0.25,MLE
0.0,0.01893491981679188,-1.799232409447269,7.748078693422713,False,5.0,0.25,MLE
0.0,-0.39448256545069116,-7.696307173102746,1.4467609959033476,True,5.0,0.25,MLE
0.0,-0.2471741552563413,-3.373914776862289,2.3443413348944433,True,5.0,0.25,MLE
0.0,0.39484376006279953,-1.206507384671137,7.949700898371268,True,5.0,0.25,MLE
0.0,0.09186955137823627,-0.14311921558169516,8.665592013607792,False,5.0,0.25,MLE
0.0,-0.03768212785201206,-2.8362075728152303,3.1722829410801627,False,5.0,0.25,MLE
0.0,-0.07418523101155389,-5.762132957237082,3.351236812539536,False,5.0,0.25,MLE
0.0,0.013968210759895879,-6.112791617171421,4.325330645575894,False,5.0,0.0,Data splitting
0.0,0.016837613141114652,-2.450250789619791,4.052551401879407,False,5.0,0.0,Data splitting
0.0,-3.7003604985860475e-06,-2.0521475311676043,9.18079919362318,False,5.0,0.0,Data splitting
0.0,-0.006135763437029504,-5.474554861033685,4.82959135341914,False,5.0,0.0,Data splitting
0.0,0.025411376002278187,-4.777782985869727,1.5418468067724356,False,5.0,0.0,Data splitting
0.0,0.00834341112399386,-4.165228337036419,6.934525583015143,False,5.0,0.0,Data splitting
0.0,0.002936345163189596,-8.152924857891826,2.452967549041284,False,5.0,0.0,Data splitting
0.0,-0.00842206382040522,-2.139920550091569,4.256382448576925,False,5.0,0.0,Data splitting
0.0,0.01573426163326002,0.8222504356295399,12.440284367774547,False,5.0,0.0,Data splitting
0.0,-0.34190012624413724,0.01664349612721505,5.344643766500105,True,5.0,0.28571428571428575,Naive
0.0,-0.2997143786624413,-2.553247060862709,0.7312065599447616,True,5.0,0.28571428571428575,Naive
0.0,-0.28995346506669495,-7.293751720826294,-1.953895588005885,True,5.0,0.28571428571428575,Naive
0.0,0.07586844243155735,2.864039631891882,7.9222150627512224,False,5.0,0.28571428571428575,Naive
0.0,0.004186802061916245,-3.2629518404597437,0.1852183492641386,False,5.0,0.28571428571428575,Naive
0.0,-0.03625871805235958,-6.358667597501629,-1.1225990601584015,False,5.0,0.28571428571428575,Naive
1.0,-0.21866460208842398,-1.0604726582529294,7.5853223140491925,True,5.0,0.20000000000000004,MLE
1.0,0.2996436852362132,-2.3741539167296026,3.431205986214391,True,5.0,0.20000000000000004,MLE
1.0,0.2490364265647747,-6.255071856919273,2.420955464869471,True,5.0,0.20000000000000004,MLE
1.0,-0.04306786022188577,-3.827813386066913,5.418383307034784,False,5.0,0.20000000000000004,MLE
1.0,0.032133472852446054,-2.5059930448129744,3.2936801355957637,False,5.0,0.20000000000000004,MLE
1.0,0.06034058975487835,-1.9051689356721977,7.3480433486103,False,5.0,0.20000000000000004,MLE
1.0,0.002053320922445232,-5.460310278438399,3.4395770575093962,False,5.0,0.20000000000000004,MLE
1.0,0.02176602923477398,-2.3674275157695295,3.504921839879154,False,5.0,0.20000000000000004,MLE
1.0,0.014502359362376205,-2.8613883164844123,6.362722991093577,False,5.0,0.20000000000000004,MLE
1.0,0.008893827573949444,-3.904906067502845,5.40464827041648,False,5.0,0.20000000000000004,MLE
1.0,0.030985514235977996,-3.872579667134934,1.8878895863653986,False,5.0,0.20000000000000004,MLE
1.0,-0.02739333408792782,-5.407599524841901,3.9075103408715957,False,5.0,0.20000000000000004,MLE
1.0,0.034942413491791995,-5.131430709857021,4.177568480103517,False,5.0,0.20000000000000004,MLE
1.0,0.03121163249629051,-3.791926877920713,1.8832741486020093,False,5.0,0.20000000000000004,MLE
1.0,-0.038922856046737384,-4.616916089755964,4.768060725713962,False,5.0,0.20000000000000004,MLE
1.0,0.03221835203566845,-6.285318110643164,3.693187980298228,False,5.0,0.16666666666666666,Data splitting
1.0,-0.02141697606067429,-5.3208402213732455,0.6880562778102233,False,5.0,0.16666666666666666,Data splitting
1.0,-0.07085760444512779,-4.203820324784349,5.2698196622250375,False,5.0,0.16666666666666666,Data splitting
1.0,-0.008709122042392803,-0.42549808918346343,9.662185510118729,False,5.0,0.16666666666666666,Data splitting
1.0,0.01883762710360944,-2.3551276588781125,3.8048750520648102,False,5.0,0.16666666666666666,Data splitting
1.0,0.004114046182485492,-9.719677845682334,1.0409912453496615,False,5.0,0.16666666666666666,Data splitting
1.0,0.03695482431538847,-7.459174210644843,2.5980680831549336,False,5.0,0.16666666666666666,Data splitting
1.0,0.02297860401167811,-1.3333359230638653,4.692637789293718,False,5.0,0.16666666666666666,Data splitting
1.0,-0.02445930249376916,-4.755319947776733,5.52227046074039,False,5.0,0.16666666666666666,Data splitting
1.0,-0.24912078845687505,-3.3253624475854253,6.324955032314994,True,5.0,0.16666666666666666,Data splitting
1.0,0.28461575039019743,1.2283302067227266,7.854387997411582,True,5.0,0.16666666666666666,Data splitting
1.0,-0.33878427593968186,-5.272355225211334,5.781530361976694,True,5.0,0.16666666666666666,Data splitting
1.0,-0.05003986755619599,-4.0505246645530795,4.957685196198049,False,5.0,0.16666666666666666,Data splitting
1.0,0.010243671593398037,-3.702467032329146,2.4732361207509292,False,5.0,0.16666666666666666,Data splitting
1.0,0.0604334905182739,-1.6306670722620518,7.099347719596256,False,5.0,0.16666666666666666,Data splitting
1.0,-0.000723202000867737,-4.326075897638511,5.347947926794335,False,5.0,0.16666666666666666,Data splitting
1.0,-0.021734248327795115,-4.528170044184119,1.9027642015239996,False,5.0,0.16666666666666666,Data splitting
1.0,0.03661356625551033,-4.257990190524796,5.866260531816488,False,5.0,0.16666666666666666,Data splitting
1.0,0.019642988456508623,-3.2996931591475804,7.2441976532937264,False,5.0,0.16666666666666666,Data splitting
1.0,-0.015184430239687718,-1.8099771787173429,4.726460341330727,False,5.0,0.16666666666666666,Data splitting
1.0,-0.019347323961679857,-8.925605478000668,2.933722718256798,False,5.0,0.16666666666666666,Data splitting
1.0,-0.0045964315969820365,-0.20637072546203905,5.096731472045038,False,5.0,0.0,Naive
1.0,0.03800972141660698,-1.0781592841552032,2.3045678330963804,False,5.0,0.0,Naive
1.0,0.007134032063862731,-2.627154528420612,2.7475058264585472,False,5.0,0.0,Naive
1.0,-0.05145667191684123,-3.0538971154476267,2.164212328696131,False,5.0,0.0,Naive
1.0,0.040647366720914145,-1.3809073765117175,2.014808683097007,False,5.0,0.0,Naive
1.0,0.07007133690527599,0.6700099445252103,5.96596693110678,False,5.0,0.0,Naive
1.0,-0.012941640233912678,-2.2171145025243013,3.1699663543025443,False,5.0,0.0,Naive
1.0,-0.010490729875340844,-4.538536013563837,-1.2244584747185032,False,5.0,0.0,Naive
1.0,0.06573535712693854,-4.080749787627164,1.3044554019693888,False,5.0,0.0,Naive
2.0,-0.03077655808839739,-4.312056257225779,4.4547804833886655,False,5.0,0.20000000000000004,MLE
2.0,0.04733227990396379,-0.6349709291922649,5.048940509532057,False,5.0,0.20000000000000004,MLE
2.0,0.04356243695859946,-6.833186977723859,1.9394584781275328,False,5.0,0.20000000000000004,MLE
2.0,0.017246478980959126,-2.7519065714609323,6.260554937708557,False,5.0,0.20000000000000004,MLE
2.0,-0.013816907999495254,-1.9953969263208151,3.767711548122776,False,5.0,0.20000000000000004,MLE
2.0,-0.011344071040709823,-3.250455899944777,5.854618950526065,False,5.0,0.20000000000000004,MLE
2.0,-0.057693179411188365,-0.5722813957408768,8.354586354436485,False,5.0,0.20000000000000004,MLE
2.0,-0.015583147664104293,-0.9332005192569635,4.523606607570429,False,5.0,0.20000000000000004,MLE
2.0,0.058901996544841774,-5.603664811248651,3.3711260248250396,False,5.0,0.20000000000000004,MLE
2.0,-0.3622224874848427,-1.2200782836965622,7.894207643248704,True,5.0,0.20000000000000004,MLE
2.0,-0.3870686991892364,-2.3901389617429176,3.3137265479240154,True,5.0,0.20000000000000004,MLE
2.0,-0.2511028030197037,-5.54793218891847,3.5781240681266264,True,5.0,0.20000000000000004,MLE
2.0,0.003188825221694796,-5.552898909844876,3.4119236149613883,False,5.0,0.20000000000000004,MLE
2.0,0.013247706974365324,-3.2544084224765326,2.421326307037817,False,5.0,0.20000000000000004,MLE
2.0,-0.014230251073863803,-2.941878316289114,6.02718985222998,False,5.0,0.20000000000000004,MLE
2.0,-0.024696974765489,-6.082394001933431,3.681255588914566,False,5.0,0.0,Data splitting
2.0,0.06372441585836758,-3.840550120101693,2.2177526273470747,False,5.0,0.0,Data splitting
2.0,0.05264781620745027,-6.770237527999618,4.311037002339024,False,5.0,0.0,Data splitting
2.0,0.06063528688526428,-3.787347441070683,5.439397898419403,False,5.0,0.0,Data splitting
2.0,0.017776210505365077,-0.40590960736775283,5.484530860525842,False,5.0,0.0,Data splitting
2.0,0.011666434616083294,-5.675790129892772,4.751042019072554,False,5.0,0.0,Data splitting
2.0,0.012783788096792944,-5.359473279881341,3.7718289363997286,False,5.0,0.0,Data splitting
2.0,-0.004759963268869054,-6.098776746137007,-0.22232228938345555,False,5.0,0.0,Data splitting
2.0,0.0035003339170746363,-2.014865500145194,7.393906470196057,False,5.0,0.0,Data splitting
2.0,-0.023123855977638132,-4.384120002785999,0.6696362989924565,False,5.0,0.0,Naive
2.0,0.06570155513600485,-0.8257711655587601,2.438435895383342,False,5.0,0.0,Naive
2.0,0.052537246466644844,-3.035461460884498,2.0122350559201476,False,5.0,0.0,Naive
2.0,0.060285219665057774,-1.1033208023327086,4.075232737502433,False,5.0,0.0,Naive
2.0,-0.020899441102082198,0.019946929751096132,3.335844233023896,False,5.0,0.0,Naive
2.0,-0.02566606450995356,-1.65128882799955,3.5818573200861397,False,5.0,0.0,Naive
2.0,-0.05308768683645328,-0.6311088350115919,4.4894444757549925,False,5.0,0.0,Naive
2.0,-0.002078731411034142,1.1296444509846733,4.413935925263175,False,5.0,0.0,Naive
2.0,0.04817009601241946,-3.428741892732538,1.7181831907440817,False,5.0,0.0,Naive
3.0,-0.01684206566575808,-5.797401126954162,3.3725566971207552,False,5.0,0.0,MLE
3.0,0.008427870246926332,-3.3196696432700117,1.63558290176333,False,5.0,0.0,MLE
3.0,0.045236250266031806,-3.5467152018078254,5.819750512921007,False,5.0,0.0,MLE
3.0,-0.02609512594909037,0.8663325215191948,9.527578012820936,False,5.0,0.0,MLE
3.0,-0.009183056836333995,-5.498338204369723,0.27600636343577767,False,5.0,0.0,MLE
3.0,0.0277479816368463,-7.669451495627454,0.997730899624719,False,5.0,0.0,MLE
3.0,-0.33986541003735804,-0.5392834262271817,9.132649273004137,True,5.0,0.20000000000000004,Data splitting
3.0,0.29550496792029135,-3.668322397823543,2.0181526498824787,True,5.0,0.20000000000000004,Data splitting
3.0,-0.26188831692412873,-8.549588812310276,0.9515270272032494,True,5.0,0.20000000000000004,Data splitting
3.0,-0.021753188007752472,-4.926403557375695,3.9734524659386556,False,5.0,0.20000000000000004,Data splitting
3.0,-0.014025806460865816,-6.8553731611905775,-0.9438637526515263,False,5.0,0.20000000000000004,Data splitting
3.0,0.061050825485980426,-3.193076231971361,5.117908546361856,False,5.0,0.20000000000000004,Data splitting
3.0,-0.06505444520000032,-7.593019342081859,1.528393716996816,False,5.0,0.20000000000000004,Data splitting
3.0,0.047375778596123325,-1.9783346671985593,3.759552832826923,False,5.0,0.20000000000000004,Data splitting
3.0,0.011819097734124833,-3.244866446359064,5.517820012607277,False,5.0,0.20000000000000004,Data splitting
3.0,-0.020373216198580648,-2.1163847318110407,7.19965466970692,False,5.0,0.20000000000000004,Data splitting
3.0,0.0048159266140087205,-3.5974576179955084,2.160228863159335,False,5.0,0.20000000000000004,Data splitting
3.0,0.034758585077118605,-6.934858637730066,2.9075672752748503,False,5.0,0.20000000000000004,Data splitting
3.0,-0.055326090211083444,-6.813691403861997,3.078200105480074,False,5.0,0.20000000000000004,Data splitting
3.0,0.02398147080604399,-2.634487499568517,3.6965243237315635,False,5.0,0.20000000000000004,Data splitting
3.0,0.01841121312798473,-2.7050572851542807,7.962703755750576,False,5.0,0.20000000000000004,Data splitting
3.0,-0.025955662800954828,-0.22305405418223545,4.744974838324446,False,5.0,0.0,Naive
3.0,-0.009327460822041257,-3.385561357122376,-0.07119276812633002,False,5.0,0.0,Naive
3.0,0.0270447548311565,-2.700513077774612,2.276821372185282,False,5.0,0.0,Naive
4.0,0.3196579587083431,-8.650522351896624,-0.15725781278081818,True,5.0,0.4444444444444445,MLE
4.0,0.3188849012973771,-1.7079823126756166,4.0607502067407815,True,5.0,0.4444444444444445,MLE
4.0,-0.32489427005317434,-2.14520751604843,6.333021448919583,True,5.0,0.4444444444444445,MLE
4.0,0.2690798448593295,-5.265193904799764,3.0170109456335723,True,5.0,0.4444444444444445,MLE
4.0,-0.2999531806142284,-3.6059078029337717,2.521797166866284,True,5.0,0.4444444444444445,MLE
4.0,-0.21680653469651354,-2.640477634168016,6.135634450341026,True,5.0,0.4444444444444445,MLE
4.0,0.09978833002914056,-8.570191732723414,0.6653659793434223,False,5.0,0.4444444444444445,MLE
4.0,0.003034683949879194,-3.0004524252154257,2.7360272409676787,False,5.0,0.4444444444444445,MLE
4.0,-0.03035422104129057,0.5049535949717905,9.74971545580647,False,5.0,0.4444444444444445,MLE
4.0,0.05911381699625231,-7.285546598214676,1.8068992215860327,False,5.0,0.4444444444444445,MLE
4.0,-0.004039768661702574,-6.6004089256729905,-0.8437316263617176,False,5.0,0.4444444444444445,MLE
4.0,-0.04827642465631378,0.215959949713727,9.305768995153755,False,5.0,0.4444444444444445,MLE
4.0,0.31799170145414174,-8.191578934293076,0.11123193132784603,True,5.0,0.5,Data splitting
4.0,0.32249217001094294,-2.643238162270824,3.242821970143401,True,5.0,0.5,Data splitting
4.0,-0.3244667787194628,0.4132968767828542,8.485556869550376,True,5.0,0.5,Data splitting
4.0,0.26539289371738206,-8.659251339195112,-0.008347178679723122,True,5.0,0.5,Data splitting
4.0,-0.29971170855675106,-2.238890332776109,4.232589931356395,True,5.0,0.5,Data splitting
4.0,-0.21374644076323085,1.7914089200830983,11.602661702094288,True,5.0,0.5,Data splitting
4.0,0.06106204892616758,-3.8870948114656025,6.595658645536079,False,5.0,0.5,Data splitting
4.0,-0.0056078905739325976,-3.0726748828487755,3.398245964498329,False,5.0,0.5,Data splitting
4.0,-0.04906177976212883,-5.456236949903709,7.094714260772386,False,5.0,0.5,Data splitting
4.0,0.24432520590118,-1.9998616260036706,2.793311765869444,True,5.0,0.28571428571428575,Naive
4.0,-0.2921984040983638,-3.3719555686069054,0.23408739902825992,True,5.0,0.28571428571428575,Naive
4.0,-0.19806971665999118,-1.3899843993818872,3.7022796064436156,True,5.0,0.28571428571428575,Naive
4.0,0.08766175862997042,-2.3321381410908644,3.0149425614456424,False,5.0,0.28571428571428575,Naive
4.0,-0.014626113517190195,-2.8996504489543082,0.4060361816953726,False,5.0,0.28571428571428575,Naive
4.0,-0.06624291221477202,0.005274959060763695,5.350060162087081,False,5.0,0.28571428571428575,Naive
5.0,-0.047893329224488836,-9.734447859924614,-0.6315405109912398,False,5.0,0.0,MLE
5.0,-0.01464433405526532,-4.641300275920889,1.4108946897015275,False,5.0,0.0,MLE
5.0,0.021256973833654436,0.7957382080767053,9.998974843584818,False,5.0,0.0,MLE
5.0,-0.03430842613754738,-8.908464059306569,0.6123502005190833,False,5.0,0.0,MLE
5.0,-0.016675505484766488,-2.738941305311998,2.8201465780769213,False,5.0,0.0,MLE
5.0,0.04791560844108887,-1.8771830465430788,7.647636193970971,False,5.0,0.0,MLE
5.0,0.016979176370243487,-4.755375387551968,4.847188442114538,False,5.0,0.0,MLE
5.0,-0.004649170634282259,-2.9005394977178076,2.9493977152272235,False,5.0,0.0,MLE
5.0,-0.06315873531689734,-1.2024318444877489,8.463104463865776,False,5.0,0.0,MLE
5.0,-0.007763648157263752,-7.031843981445151,2.455533814575119,False,5.0,0.0,MLE
5.0,0.021699386541555076,-0.18115024378989109,5.646747440999005,False,5.0,0.0,MLE
5.0,-0.012180999621270942,-4.960091458796531,4.585605802270378,False,5.0,0.0,MLE
5.0,-0.07443563647966857,-3.417242915398009,5.653865381543887,False,5.0,0.0,MLE
5.0,-0.008965095594821872,-3.6652792511212238,2.15624984251655,False,5.0,0.0,MLE
5.0,0.014305309360368574,-4.091200711351533,4.992850282684742,False,5.0,0.0,MLE
5.0,-0.0070756071784491914,-11.169058074958876,-2.0038236545446706,False,5.0,0.20000000000000004,Data splitting
5.0,0.02670050650031624,-1.4008072828734799,4.564234536705768,False,5.0,0.20000000000000004,Data splitting
5.0,0.05095636991153146,4.075573620356779,13.61062185593929,False,5.0,0.20000000000000004,Data splitting
5.0,0.018191482007630606,-2.836749367125313,5.9275185902068,False,5.0,0.20000000000000004,Data splitting
5.0,-0.018162524846021984,-0.9270133151545479,4.586837822745405,False,5.0,0.20000000000000004,Data splitting
5.0,-0.035510599954208466,-5.6949927726289005,2.359367923406568,False,5.0,0.20000000000000004,Data splitting
5.0,-0.049008732337556996,-4.304820119695204,4.713555863187736,False,5.0,0.20000000000000004,Data splitting
5.0,-0.007094292321787605,-1.3177643592754076,4.217102763592582,False,5.0,0.20000000000000004,Data splitting
5.0,0.04832527230491953,-4.998488442312981,3.2491191950021623,False,5.0,0.20000000000000004,Data splitting
5.0,0.3429553516304441,-2.767373867131359,6.483475499628734,True,5.0,0.20000000000000004,Data splitting
5.0,-0.26656735452882147,-2.6035018366420837,4.034344923075871,True,5.0,0.20000000000000004,Data splitting
5.0,0.27069334704315023,-8.834252334239478,0.8472621734785819,True,5.0,0.20000000000000004,Data splitting
5.0,0.12257689259443344,-4.788413813419436,5.034443048367054,False,5.0,0.20000000000000004,Data splitting
5.0,-0.04183616868299224,-3.0272372908952696,3.746929746491494,False,5.0,0.20000000000000004,Data splitting
5.0,-0.09160283135899426,-4.712580144740716,6.538330724372951,False,5.0,0.20000000000000004,Data splitting
5.0,-0.04513614681277082,-4.8124949523506535,0.5313775896035198,False,5.0,0.0,Naive
5.0,-0.013197201910035325,-2.475135694527597,0.9913478723921793,False,5.0,0.0,Naive
5.0,0.017568153754590466,-3.2361858952719182,2.2396993232416813,False,5.0,0.0,Naive
6.0,-0.10298063908863986,-3.8657495535842363,5.409870220251977,False,5.0,0.22222222222222224,MLE
6.0,-0.0321655892439233,-1.291157050490993,4.542323484782835,False,5.0,0.22222222222222224,MLE
6.0,0.056043337598802076,-4.310435686495168,5.161530269128658,False,5.0,0.22222222222222224,MLE
6.0,-0.1033588428938644,-1.054007184463261,8.02859152844288,False,5.0,0.22222222222222224,MLE
6.0,0.010374117123383727,-3.4758787762962595,2.3481878084460557,False,5.0,0.22222222222222224,MLE
6.0,0.10482871108697982,-6.859968065954474,2.370625961020357,False,5.0,0.22222222222222224,MLE
6.0,-0.26040926638534534,-2.570052988243557,6.707114181460561,True,5.0,0.22222222222222224,MLE
6.0,0.2766408973432078,-4.542479484505667,1.1681882823194256,True,5.0,0.22222222222222224,MLE
6.0,0.30647983198696066,-6.553620779704368,2.7583917483567424,True,5.0,0.22222222222222224,MLE
6.0,-0.0734306893554513,-3.6325210843562723,5.385165682759001,False,5.0,0.22222222222222224,MLE
6.0,0.005154536800006039,-2.617241202866558,3.11342051040619,False,5.0,0.22222222222222224,MLE
6.0,0.02225546122165868,-6.016188408391047,3.0715736528849984,False,5.0,0.22222222222222224,MLE
6.0,-0.2997770253738668,-0.8651375307677283,8.876776326539908,True,5.0,0.4000000000000001,Data splitting
6.0,0.32616306290149116,-3.5116566722505422,3.522593839659728,True,5.0,0.4000000000000001,Data splitting
6.0,-0.2994073269749784,-12.574683185147991,0.9078024112178271,True,5.0,0.4000000000000001,Data splitting
6.0,-0.10295803566326803,-8.529833205875136,1.020750729038244,False,5.0,0.4000000000000001,Data splitting
6.0,-0.02802248481850739,-3.3432695343911867,2.5691297791593533,False,5.0,0.4000000000000001,Data splitting
6.0,0.09021888267976519,-4.373676502438043,5.876931300172844,False,5.0,0.4000000000000001,Data splitting
6.0,0.05927151037025303,0.40033343884259676,9.363754121116791,False,5.0,0.4000000000000001,Data splitting
6.0,-0.011951969897081149,-1.5031553842286849,4.238288903515749,False,5.0,0.4000000000000001,Data splitting
6.0,-0.053442674005937045,-9.669214062929338,-0.7052947117488975,False,5.0,0.4000000000000001,Data splitting
6.0,-0.07019115366632628,-3.3188546698759183,6.12554154818546,False,5.0,0.4000000000000001,Data splitting
6.0,0.010983031684897586,-1.9344543935949,4.35937123068315,False,5.0,0.4000000000000001,Data splitting
6.0,0.1015993741852624,-5.842590408349803,4.35485578332188,False,5.0,0.4000000000000001,Data splitting
6.0,-0.2896526778384169,-4.648626616686143,4.66588012622639,True,5.0,0.4000000000000001,Data splitting
6.0,0.2766401468084149,-4.114866524751351,1.183811737048058,True,5.0,0.4000000000000001,Data splitting
6.0,0.3279975250241178,-4.448485464280197,4.221482390674399,True,5.0,0.4000000000000001,Data splitting
6.0,0.05981669085772648,-1.4580918444905235,3.915404968924757,False,5.0,0.0,Naive
6.0,-0.017213706090413245,-3.055600355859379,0.20828800326670538,False,5.0,0.0,Naive
6.0,-0.0590714603790673,-1.7168746873046974,3.654858567987187,False,5.0,0.0,Naive
7.0,0.0023961994472231373,-3.185280002644042,5.271183493698503,False,5.0,0.0,MLE
7.0,-0.05415665866615395,-1.2714375024948037,4.319742540348459,False,5.0,0.0,MLE
7.0,0.03508237646297601,-0.7435978795580045,7.795207987597983,False,5.0,0.0,MLE
7.0,0.037337743811816385,-6.549210037414369,2.643893456314352,False,5.0,0.20000000000000004,Data splitting
7.0,-0.016158315218864065,0.27232215119029934,6.226806221758313,False,5.0,0.20000000000000004,Data splitting
7.0,-0.02295926886613354,-6.103149867012554,3.4077105717650777,False,5.0,0.20000000000000004,Data splitting
7.0,0.05368212065992747,-5.243241522174358,3.667042971372908,False,5.0,0.20000000000000004,Data splitting
7.0,-0.0208030226804792,-0.7676531676526728,4.668598088851768,False,5.0,0.20000000000000004,Data splitting
7.0,-0.04884065082020328,-6.550647153388232,2.21796048980118,False,5.0,0.20000000000000004,Data splitting
7.0,0.005978002317686001,-1.4300994616140357,8.262788228622583,False,5.0,0.20000000000000004,Data splitting
7.0,-0.027862241829904582,-5.0636996715140175,1.3809518864424364,False,5.0,0.20000000000000004,Data splitting
7.0,0.020716131947219704,-9.066650224027672,3.0384063394522074,False,5.0,0.20000000000000004,Data splitting
7.0,0.02610307985756106,-3.990120411194416,5.480331958567859,False,5.0,0.20000000000000004,Data splitting
7.0,0.05020466768490923,-5.090240434423263,0.7112471736249919,False,5.0,0.20000000000000004,Data splitting
7.0,-0.05362755798566308,-4.6038252454555755,5.7733517731051345,False,5.0,0.20000000000000004,Data splitting
7.0,0.3425745918908562,-7.632968873995287,1.8290490402347608,True,5.0,0.20000000000000004,Data splitting
7.0,-0.29185116032363434,-3.0473500871353565,2.950817024261873,True,5.0,0.20000000000000004,Data splitting
7.0,0.2998875201068022,-1.8869583165892228,9.097444369883455,True,5.0,0.20000000000000004,Data splitting
7.0,0.0023961994472231373,-0.3875067365103795,4.570173518893304,False,5.0,0.0,Naive
7.0,-0.05415665866615395,-1.648334520595504,1.5780661322494898,False,5.0,0.0,Naive
7.0,0.03508237646297601,-1.1483753601035986,3.813832921473128,False,5.0,0.0,Naive
8.0,0.01027021050889892,-0.2614274039086082,8.858512113319865,False,5.0,0.0,MLE
8.0,0.047629360707461786,-3.2038533725324863,2.461132991411355,False,5.0,0.0,MLE
8.0,0.03629258605412768,-5.5496848211047425,3.5716622539303615,False,5.0,0.0,MLE
8.0,0.017701623189362796,-4.7505898103965265,3.948583058829895,False,5.0,0.0,Data splitting
8.0,-0.03865314777713607,-0.6390810424729882,5.514015064882712,False,5.0,0.0,Data splitting
8.0,-0.005449450435002236,-5.618081765701033,3.3632644823702837,False,5.0,0.0,Data splitting
8.0,0.006746801776561365,-3.6638752278295965,5.290717830492282,False,5.0,0.0,Data splitting
8.0,0.04762775073732616,-1.3407381048666216,4.419738357838125,False,5.0,0.0,Data splitting
8.0,0.03837263473125372,-3.6026824253279632,5.397875154153056,False,5.0,0.0,Data splitting
8.0,0.01027021050889892,-1.96752728278121,3.2743090900679133,False,5.0,0.0,Naive
8.0,0.047629360707461786,-1.8903713835295988,1.3654495061652088,False,5.0,0.0,Naive
8.0,0.03629258605412768,-0.6328484923871489,4.610486944270816,False,5.0,0.0,Naive
9.0,-0.006139665105498692,-4.9735075116823655,3.644183893608364,False,5.0,0.0,MLE
9.0,0.0671712968557711,-3.127149318510626,2.61421330618579,False,5.0,0.0,MLE
9.0,-0.007247209728392519,-3.9869348965753226,4.6289140531003525,False,5.0,0.0,MLE
9.0,0.0036468971926541887,-2.475898545375626,6.730646415324966,False,5.0,0.22222222222222224,Data splitting
9.0,0.005173882275171019,-1.1838467391980285,4.2374174163907,False,5.0,0.22222222222222224,Data splitting
9.0,0.007474062865756804,-5.2490456046402425,4.034042039746025,False,5.0,0.22222222222222224,Data splitting
9.0,0.3225482700925821,-0.9020486818000304,8.064846851619931,True,5.0,0.22222222222222224,Data splitting
9.0,-0.29402572824538475,-1.2041229395299742,4.029893509322518,True,5.0,0.22222222222222224,Data splitting
9.0,0.29219332273627724,-5.6242805863951055,3.3184815872574185,True,5.0,0.22222222222222224,Data splitting
9.0,-0.0290945273275446,-9.212923726041959,0.051990491386482596,False,5.0,0.22222222222222224,Data splitting
9.0,-0.03908986260347989,-1.944095006237486,3.673022678746754,False,5.0,0.22222222222222224,Data splitting
9.0,0.06278521309727672,1.6314187070518544,11.4166472894808,False,5.0,0.22222222222222224,Data splitting
9.0,-0.014201488027310033,-1.0833336505415914,7.025157653292053,False,5.0,0.22222222222222224,Data splitting
9.0,0.024352670501285072,-1.4685187475030366,3.475738339105394,False,5.0,0.22222222222222224,Data splitting
9.0,-0.02626987422445977,-6.8826106268075495,0.38934730025006026,False,5.0,0.22222222222222224,Data splitting
9.0,0.0004581016862181789,-0.6115737417755631,4.814165279406667,False,5.0,0.28571428571428575,Naive
9.0,0.0026758375977694415,-1.5031209741026097,1.8056837171312976,False,5.0,0.28571428571428575,Naive
9.0,0.010795317040638326,-2.354624821972436,3.0947904194545637,False,5.0,0.28571428571428575,Naive
9.0,0.32126269775127275,1.3064192044239813,6.4039727673561,True,5.0,0.28571428571428575,Naive
9.0,-0.29722791977712126,-2.0226527285392533,1.269344504237941,True,5.0,0.28571428571428575,Naive
9.0,0.29560529517247397,-3.8506393966280488,1.2613513474952867,True,5.0,0.28571428571428575,Naive
0.0,-0.004888709836167645,-2.8315949165415097,5.424681736474717,False,8.0,0.0,MLE
0.0,0.05782228709496855,-2.4353240636043556,3.3108391277145013,False,8.0,0.0,MLE
0.0,0.060070012030851834,-5.664991582501725,2.7226979450404096,False,8.0,0.0,MLE
0.0,-0.0598032140655939,-7.187477968612074,2.174141153203778,False,8.0,0.15384615384615385,Data splitting
0.0,-0.021638102978783845,-3.583898610945386,2.9938823695947416,False,8.0,0.15384615384615385,Data splitting
0.0,0.08248042527847647,-1.9902443047461604,8.528759670264314,False,8.0,0.15384615384615385,Data splitting
0.0,0.03712356231748624,-2.177994410386777,7.037052026663118,False,8.0,0.15384615384615385,Data splitting
0.0,-0.00827528336652129,-6.092560545425544,-0.12557188435898947,False,8.0,0.15384615384615385,Data splitting
0.0,0.0324056660016595,-6.194468500509976,3.5192753159716608,False,8.0,0.15384615384615385,Data splitting
0.0,0.01399862283353858,-1.656419435717952,8.179705945000213,False,8.0,0.15384615384615385,Data splitting
0.0,0.0018256738669262026,-5.957446590797895,0.039361056208327305,False,8.0,0.15384615384615385,Data splitting
0.0,0.015748585493363148,-5.13179784465943,5.229098206258393,False,8.0,0.15384615384615385,Data splitting
0.0,0.2491773377290561,-6.29095541297165,2.9962118766708223,True,8.0,0.15384615384615385,Data splitting
0.0,-0.24218826086778938,-2.9181575960183364,2.763223774249017,True,8.0,0.15384615384615385,Data splitting
0.0,-0.30126157307516427,-3.430768611313715,5.644135191472795,True,8.0,0.15384615384615385,Data splitting
0.0,-0.03382098929034272,-4.43681445604561,4.661995076778352,False,8.0,0.15384615384615385,Data splitting
0.0,-0.006876811677233053,-2.4499076384257075,3.2058433883912296,False,8.0,0.15384615384615385,Data splitting
0.0,0.057090298918422974,-6.498349093048033,2.3695057476637738,False,8.0,0.15384615384615385,Data splitting
0.0,0.014368226055030357,-1.00872320858509,4.364023059059678,False,8.0,0.0,Naive
0.0,-0.0012678519647252473,-2.0493645519964585,1.2210501343369033,False,8.0,0.0,Naive
0.0,0.011362530923898216,-1.6398065695327713,3.770891255362051,False,8.0,0.0,Naive
1.0,0.2905552676517323,-3.9905850990749214,5.106863528620758,True,8.0,0.3333333333333333,MLE
1.0,0.36082551626909987,-3.6163744240161297,2.1439421801298075,True,8.0,0.3333333333333333,MLE
1.0,0.30746709530481814,-3.3933492205099167,5.803583454529152,True,8.0,0.3333333333333333,MLE
1.0,0.02107074621277202,-3.8812852562153575,5.27033098992639,False,8.0,0.3333333333333333,MLE
1.0,-0.04908082214550274,0.19076054068667636,5.811210325259347,False,8.0,0.3333333333333333,MLE
1.0,-0.022803021284742413,-5.181134335331716,3.9157850160647136,False,8.0,0.3333333333333333,MLE
1.0,-0.19724311982137246,-2.2860142052857926,6.3259037696255005,True,8.0,0.3333333333333333,MLE
1.0,-0.31906328209920115,-6.260526438582208,-0.34274034627501937,True,8.0,0.3333333333333333,MLE
1.0,0.23834978785864866,-6.6288770701780155,2.216800049578794,True,8.0,0.3333333333333333,MLE
1.0,-0.011950624351257873,-4.94080184673304,3.2379237379911334,False,8.0,0.3333333333333333,MLE
1.0,0.07188252868816451,-4.878222946657681,0.9531412111962063,False,8.0,0.3333333333333333,MLE
1.0,0.1177747235941683,0.1597023766878154,8.789067231314238,False,8.0,0.3333333333333333,MLE
1.0,-0.2224606957252079,-6.452837351836032,3.048474752271427,True,8.0,0.5,Data splitting
1.0,0.3193920954990277,-0.4166690789892824,4.996836331526053,True,8.0,0.5,Data splitting
1.0,-0.38133027946673453,-2.329589079479135,7.059131236769771,True,8.0,0.5,Data splitting
1.0,-0.22718719917312774,-2.728506542515855,5.641082126212225,True,8.0,0.5,Data splitting
1.0,-0.30677003418425786,-3.9580088900305954,1.5839881991615472,True,8.0,0.5,Data splitting
1.0,0.24747002225220366,-5.152621201706019,2.500061234286761,True,8.0,0.5,Data splitting
1.0,0.36845874784959254,1.7275861296311952,10.951631995458628,True,8.0,0.5,Data splitting
1.0,-0.29652728754902313,-2.0275684773630775,4.025907528417015,True,8.0,0.5,Data splitting
1.0,-0.3214945500248844,-10.56845293842524,-0.996190445345861,True,8.0,0.5,Data splitting
1.0,-0.0014936359843183069,-6.647488729799567,2.4330820785925757,False,8.0,0.5,Data splitting
1.0,-0.03678696316438363,-0.2558064356391867,5.228748991347092,False,8.0,0.5,Data splitting
1.0,0.02932315332227639,-3.436248477786725,4.9858125415189445,False,8.0,0.5,Data splitting
1.0,-0.21673000658544167,-5.267998627665934,-0.10256440663213473,True,8.0,0.2222222222222222,Naive
1.0,0.318582827590374,-0.8287476068109052,2.411109682571298,True,8.0,0.2222222222222222,Naive
1.0,-0.38805622721370614,-2.24611571523316,2.9215489922431277,True,8.0,0.2222222222222222,Naive
2.0,-0.018134259692014463,-7.618164543670451,1.1319511365499864,False,8.0,0.0,MLE
2.0,-0.08574052639855943,-3.4380631543176965,2.35678837480836,False,8.0,0.0,MLE
2.0,0.05813038062961995,-3.15011359142739,5.396200278750948,False,8.0,0.0,MLE
2.0,-0.05268213957414077,-7.971481473669422,1.0181313173226672,False,8.0,0.0,MLE
2.0,0.02145393194907421,-1.8819858652048718,3.842368691068941,False,8.0,0.0,MLE
2.0,0.007955937431392368,-1.3141168197225546,7.635644532613451,False,8.0,0.0,MLE
2.0,-0.04524295011054212,-3.106844681399721,5.647386016342315,False,8.0,0.0,MLE
2.0,-0.024107123752088823,-4.40462587423133,1.360874664450794,False,8.0,0.0,MLE
2.0,0.014755479956916208,-5.753629499928339,3.000427210261737,False,8.0,0.0,MLE
2.0,0.06735419566136115,-6.4311067195279925,2.205753854907418,False,8.0,0.0,MLE
2.0,-0.012600611080937995,0.18135504314546447,5.678819751281047,False,8.0,0.0,MLE
2.0,-0.011255010053362472,1.8006310717675467,10.461815220698842,False,8.0,0.0,MLE
2.0,0.05433787767918634,-2.8344683138974407,5.8394258393886425,False,8.0,0.0,Data splitting
2.0,0.004554273788622011,-3.1823959993519813,2.609142221645873,False,8.0,0.0,Data splitting
2.0,-0.040668856646493196,-5.141665673897407,3.983839402229892,False,8.0,0.0,Data splitting
2.0,-0.029721479254897997,-8.785777293852528,0.5216528713590627,False,8.0,0.0,Data splitting
2.0,-0.012226417077967087,-3.414999317133482,2.8762562038393864,False,8.0,0.0,Data splitting
2.0,-0.004865494270207986,-2.551609204520566,7.885773761500823,False,8.0,0.0,Data splitting
2.0,0.023456671002574304,-5.494919387097546,3.3906718923738097,False,8.0,0.0,Data splitting
2.0,0.023194714600688816,0.5885336593556945,6.378708590188802,False,8.0,0.0,Data splitting
2.0,-0.04557842304064916,-1.965847480636127,6.33631967788801,False,8.0,0.0,Data splitting
2.0,0.07361464693588418,-6.057201613664489,2.0366956645912797,False,8.0,0.0,Data splitting
2.0,-0.014951119298293345,-1.855256905320628,3.8366732423417718,False,8.0,0.0,Data splitting
2.0,-0.020388899209236727,-1.1128124260073609,6.318037935868004,False,8.0,0.0,Data splitting
2.0,-0.01865549519781824,-3.34101428565742,1.7653266832328747,False,8.0,0.0,Naive
2.0,-0.08555236435201108,-2.2359206747033875,1.118093082617867,False,8.0,0.0,Naive
2.0,0.05568148930810893,-4.848761976179254,0.2918648064042859,False,8.0,0.0,Naive
2.0,-0.026693467964849824,-6.14251034154656,-0.8623566399856539,False,8.0,0.0,Naive
2.0,-0.014518357245503611,-1.0520703626928796,2.286283033668547,False,8.0,0.0,Naive
2.0,-0.006709829466558428,-1.9574129700045666,3.3545107454591316,False,8.0,0.0,Naive
2.0,-0.009788185556499832,-2.500631364059836,2.9772118094581317,False,8.0,0.0,Naive
2.0,0.04387234968126783,-0.14405415184972337,3.1788287889557467,False,8.0,0.0,Naive
2.0,0.019389809835419474,-0.9333667198918054,4.567896324951878,False,8.0,0.0,Naive
2.0,0.07310466163981026,-2.2344995805990013,2.729274543459079,False,8.0,0.0,Naive
2.0,-0.013990663760165471,1.495319020895183,4.8162982415540165,False,8.0,0.0,Naive
2.0,-0.01638844488790994,-1.4638036875642455,3.51258624084636,False,8.0,0.0,Naive
3.0,0.016453479240379168,-4.575469524484277,5.020291476584847,False,8.0,0.0,MLE
3.0,0.03816137403404529,-3.700531213898854,2.2226979531759774,False,8.0,0.0,MLE
3.0,-0.06334215421754263,-8.830836441169579,0.7842555368840127,False,8.0,0.0,MLE
3.0,-0.028922477621967216,-2.8429003638184103,4.947196091469287,False,8.0,0.0,MLE
3.0,0.07326048967789862,-1.908945348974188,4.119196854285603,False,8.0,0.0,MLE
3.0,0.03452806171873518,-5.3491723454418345,2.655642578223194,False,8.0,0.0,MLE
3.0,-0.024076545935070314,-5.077957416903062,3.762207784042098,False,8.0,0.0,MLE
3.0,0.06498180239930589,-2.645937496436429,3.2671868611894173,False,8.0,0.0,MLE
3.0,0.018014037422892152,-3.3694710766217986,5.517916627537789,False,8.0,0.0,MLE
3.0,0.030332425820807186,-4.740745649052554,4.676661477587929,False,8.0,0.0,MLE
3.0,0.013276064206515927,-4.160349785874703,0.9496169826408956,False,8.0,0.0,MLE
3.0,-0.028424497191622693,-3.895989062233093,5.539673148904046,False,8.0,0.0,MLE
3.0,-0.017361288107278883,3.8942918898584367,13.534729180233835,False,8.0,0.0,MLE
3.0,0.0743232752592375,-4.0274906471180225,1.885835383434488,False,8.0,0.0,MLE
3.0,0.03522513628214708,-11.906138411345985,-2.2317653224346765,False,8.0,0.0,MLE
3.0,0.022414134318822023,-2.3651998608926617,7.404725949240054,False,8.0,0.0,MLE
3.0,0.012135414834486933,-2.08203008396661,3.6716891714311775,False,8.0,0.0,MLE
3.0,0.002204378639022186,-7.870298795129808,1.924139825998263,False,8.0,0.0,MLE
3.0,-0.028774145270814074,-2.6194352471674835,6.928022408270593,False,8.0,0.0,Data splitting
3.0,0.07774411185943922,-3.283413994077904,3.1910817297480567,False,8.0,0.0,Data splitting
3.0,0.03782933555046732,-11.67531752782333,0.7099427792614845,False,8.0,0.0,Data splitting
3.0,0.022765470462810918,-8.35584992055816,1.7033055129498398,False,8.0,0.0,Data splitting
3.0,0.015417063334130631,-2.79072678784462,3.1926177624242364,False,8.0,0.0,Data splitting
3.0,-0.003392231115019758,-4.108407538893668,6.253484350316572,False,8.0,0.0,Data splitting
3.0,0.014035422244802385,-4.732396408342231,0.7681004735804886,False,8.0,0.0,Naive
3.0,0.03669375916709505,-1.2952198298393662,2.099928689384624,False,8.0,0.0,Naive
3.0,-0.05888191074596253,-3.5596546667626074,1.9570702466443866,False,8.0,0.0,Naive
3.0,-0.03010966217250547,-3.8952470535471546,0.8185012540125316,False,8.0,0.0,Naive
3.0,0.07830465889425649,-1.5696765335878817,1.8788038217006127,False,8.0,0.0,Naive
3.0,0.03916464547708525,-4.0756287330964796,0.6834896029812905,False,8.0,0.0,Naive
4.0,0.0032669394873970836,-3.595425377437564,5.829271039634435,False,8.0,0.375,MLE
4.0,0.0009249899573417113,-0.6381466295270353,5.176271499905377,False,8.0,0.375,MLE
4.0,0.015140769089124784,-3.953265193046425,5.479999859690059,False,8.0,0.375,MLE
4.0,0.37349475689120815,-4.6581789861298954,3.886634027461204,True,8.0,0.375,MLE
4.0,0.2926508392678502,-2.5655390604259845,3.2782985636794937,True,8.0,0.375,MLE
4.0,-0.35725454224265113,-6.397361796183423,2.2001506641700925,True,8.0,0.375,MLE
4.0,0.3575651496612066,-4.046151305808152,5.368326109969143,True,8.0,0.375,MLE
4.0,-0.29959610527410796,-2.804777027028653,3.034957104576297,True,8.0,0.375,MLE
4.0,0.28881241686423864,-3.7761547611966235,5.643431705444149,True,8.0,0.375,MLE
4.0,0.012267833260474313,-6.02988417532348,2.5274276630187407,False,8.0,0.375,MLE
4.0,0.004530393584903491,-3.3008513360865726,2.5838424505090227,False,8.0,0.375,MLE
4.0,-0.027797213734701304,-4.332379529388272,4.365030943864679,False,8.0,0.375,MLE
4.0,0.07575099414510753,-2.277447124324973,7.161950763905549,False,8.0,0.375,MLE
4.0,0.0010609851507101587,-1.9279638384956765,3.912302168360939,False,8.0,0.375,MLE
4.0,-0.08517807091972408,-5.863913606648568,3.5803756806528786,False,8.0,0.375,MLE
4.0,0.2678862416534813,-1.4570328995696284,8.010900519115019,True,8.0,0.375,MLE
4.0,-0.276922279198067,-0.8973804847683264,4.927507908791911,True,8.0,0.375,MLE
4.0,-0.25146221447810085,-8.294533468626433,1.1741449302828544,True,8.0,0.375,MLE
4.0,-0.05254373590464712,-4.4132878704369265,5.33427917106585,False,8.0,0.375,MLE
4.0,0.03644240662004961,-4.877123371118424,0.9685325709911727,False,8.0,0.375,MLE
4.0,0.01871648871261317,-6.158311019172828,3.6204518411255933,False,8.0,0.375,MLE
4.0,-0.04086888519552777,-4.753667539953342,4.62875468497777,False,8.0,0.375,MLE
4.0,-0.01924261495011718,-3.0519133489615697,2.3507939713129034,False,8.0,0.375,MLE
4.0,-0.010000358734546423,-0.3583739361995981,9.021181533228667,False,8.0,0.375,MLE
4.0,0.015007514533012226,-7.697334036670556,1.4918334998007459,False,8.0,0.0,Data splitting
4.0,0.011857706281339779,-0.9159316414248106,4.985040135172593,False,8.0,0.0,Data splitting
4.0,0.005103258936208621,0.3424941709323379,9.542368139307264,False,8.0,0.0,Data splitting
4.0,0.3912163339940587,-5.1173770554578795,-0.20183477909572511,True,8.0,0.2,Naive
4.0,0.3036195354366746,-1.4973690311946766,1.8432769180047834,True,8.0,0.2,Naive
4.0,-0.4042484509817056,-2.300818100356695,2.6158906306592136,True,8.0,0.2,Naive
4.0,0.007002164942181824,-4.677223290391572,0.332556412559633,False,8.0,0.2,Naive
4.0,0.016729371746658457,-1.3767820839074376,2.008971099761212,False,8.0,0.2,Naive
4.0,-0.05412769520328036,-2.967318853246402,2.0911367494530895,False,8.0,0.2,Naive
5.0,-0.02744549006524493,-6.735810542159168,1.7380652698805594,False,8.0,0.14285714285714288,MLE
5.0,0.010948434214218155,-5.183566958197946,0.571759790654168,False,8.0,0.14285714285714288,MLE
5.0,-0.0025907350778426328,-6.672408075966431,1.9578911351187047,False,8.0,0.14285714285714288,MLE
5.0,0.04413200397252163,-7.566766241244112,1.9575416340692993,False,8.0,0.14285714285714288,MLE
5.0,0.047019388141764554,-1.4507880537905575,4.289295328718657,False,8.0,0.14285714285714288,MLE
5.0,-0.013762613777291688,-3.476362025519179,6.067387571777056,False,8.0,0.14285714285714288,MLE
5.0,-0.020777514215870922,-4.902672987298504,3.593017907537477,False,8.0,0.14285714285714288,MLE
5.0,0.052971788868001954,-3.0687126010918364,2.4480596554289074,False,8.0,0.14285714285714288,MLE
5.0,0.06640764631904832,-4.1094643661506085,4.258703164918381,False,8.0,0.14285714285714288,MLE
5.0,0.3968327864241611,-0.5300352351157485,8.382580830815742,True,8.0,0.14285714285714288,MLE
5.0,0.3175974141115098,0.2832535957823126,6.008213332338672,True,8.0,0.14285714285714288,MLE
5.0,-0.33096058092548614,-6.720027013695345,2.205229870300634,True,8.0,0.14285714285714288,MLE
5.0,0.004270805057364514,-5.736399735017667,2.926354569052608,False,8.0,0.14285714285714288,MLE
5.0,-0.021069277401313643,-2.3268745682872716,3.503033132938646,False,8.0,0.14285714285714288,MLE
5.0,0.012306967505747555,-5.22261618329782,3.5192999468261097,False,8.0,0.14285714285714288,MLE
5.0,-0.06299204321389296,-7.062754642210107,1.6477685965628557,False,8.0,0.14285714285714288,MLE
5.0,-0.02289934227160595,-3.0742565896131504,2.443372704050251,False,8.0,0.14285714285714288,MLE
5.0,0.09852423771313328,-1.344232930253873,7.504359176162585,False,8.0,0.14285714285714288,MLE
5.0,-0.030106489468481466,-5.728451728332807,4.087821045416655,False,8.0,0.3333333333333333,Data splitting
5.0,0.01203582042845176,-2.0384318434911908,4.095139846218319,False,8.0,0.3333333333333333,Data splitting
5.0,0.0003300785976723153,-7.45876348603918,3.6465857640092456,False,8.0,0.3333333333333333,Data splitting
5.0,0.38606784828685653,0.32889662129394015,9.975717695502254,True,8.0,0.3333333333333333,Data splitting
5.0,0.32553644359215766,-2.7655407218946118,3.317796791169701,True,8.0,0.3333333333333333,Data splitting
5.0,-0.3300292742875747,-9.25867196387152,1.41911191502289,True,8.0,0.3333333333333333,Data splitting
5.0,0.046904132938572644,-0.3608261273832696,9.684339698583333,False,8.0,0.3333333333333333,Data splitting
5.0,-0.006422052199505606,-4.242697853351903,1.9568089339896935,False,8.0,0.3333333333333333,Data splitting
5.0,-0.05179655812624795,-8.220661520916417,2.648469908925433,False,8.0,0.3333333333333333,Data splitting
5.0,0.22886939370391493,-2.836907881938726,7.213171436044565,True,8.0,0.3333333333333333,Data splitting
5.0,-0.2742889635154567,-3.5793370982262434,2.774454471122954,True,8.0,0.3333333333333333,Data splitting
5.0,0.3835075787027851,-10.352416276883709,1.1594003877302193,True,8.0,0.3333333333333333,Data splitting
5.0,-0.04259805852562168,-5.640317448969199,-0.6675185725275914,False,8.0,0.0,Naive
5.0,0.00990084729803006,-1.8769679137491802,1.4391074217270834,False,8.0,0.0,Naive
5.0,0.004453295817221572,-2.8533415648937734,2.137875717380354,False,8.0,0.0,Naive
5.0,-0.005311654903420502,-4.954458938008119,0.01167058297638457,False,8.0,0.0,Naive
5.0,-0.018524102115932528,-1.3806753533463927,1.9533740164357423,False,8.0,0.0,Naive
5.0,0.02029226974776893,-2.3677898639057533,2.6474030932985926,False,8.0,0.0,Naive
6.0,-0.26377418823870336,-1.9138562586809273,7.314831484191475,True,8.0,0.16666666666666666,MLE
6.0,0.32779290741145345,-0.9196078071374592,4.6066636077562935,True,8.0,0.16666666666666666,MLE
6.0,0.3069974808604315,-4.588813895583774,4.8226861292011005,True,8.0,0.16666666666666666,MLE
6.0,0.03333623951969012,0.44262183408014266,9.259899390540763,False,8.0,0.16666666666666666,MLE
6.0,0.014266082629451188,-3.9434944548664466,1.7635636604403753,False,8.0,0.16666666666666666,MLE
6.0,-0.009186816267638693,-11.48246352989018,-2.6453744604539597,False,8.0,0.16666666666666666,MLE
6.0,0.006775561610794375,-6.862983030029163,2.7073369897222057,False,8.0,0.16666666666666666,MLE
6.0,0.016938951147455028,-3.3506310006714104,2.3495225821650143,False,8.0,0.16666666666666666,MLE
6.0,-0.018268226885684673,-2.9003140669311795,6.67758127007392,False,8.0,0.16666666666666666,MLE
6.0,0.0060992733842668975,-6.313363564499898,2.691097047849589,False,8.0,0.16666666666666666,MLE
6.0,0.012654236204175873,-5.136055849584579,0.5688407597670095,False,8.0,0.16666666666666666,MLE
6.0,0.0046764205056337455,-1.8417141230095293,7.155306935282033,False,8.0,0.16666666666666666,MLE
6.0,-0.0014800722027933084,-3.4645528364107165,5.668048289166219,False,8.0,0.2,Data splitting
6.0,0.024942307066403005,-1.7117023954366974,4.066629253839295,False,8.0,0.2,Data splitting
6.0,0.0050107396829930555,-4.526249716201293,4.662516297872393,False,8.0,0.2,Data splitting
6.0,0.3512682227408758,-5.695899800156555,3.340225341403361,True,8.0,0.2,Data splitting
6.0,0.30938198840711845,-1.481358073661365,4.834036720164067,True,8.0,0.2,Data splitting
6.0,0.2760099182435433,-1.1629980377526001,8.765393018836178,True,8.0,0.2,Data splitting
6.0,-0.26351150368048853,0.487148927534649,5.95670867723306,True,8.0,0.2222222222222222,Naive
6.0,0.3287256336326027,0.06781873973302188,3.3432540918448934,True,8.0,0.2222222222222222,Naive
6.0,0.30701645966443136,-2.984537502547281,2.4885142049150475,True,8.0,0.2222222222222222,Naive
7.0,0.026592750189323944,-3.5325434836413168,5.48578612816192,False,8.0,0.16666666666666666,MLE
7.0,0.024946440876072014,-1.0947325901477762,4.480663368170929,False,8.0,0.16666666666666666,MLE
7.0,-0.015101856773661671,-9.12169237454723,-0.06798558392376908,False,8.0,0.16666666666666666,MLE
7.0,-0.13491792660365615,-3.373500323877555,5.819322946789565,False,8.0,0.16666666666666666,MLE
7.0,-0.06278297172631467,-3.9546421050989937,1.6045278756312684,False,8.0,0.16666666666666666,MLE
7.0,0.07993395744478896,-6.755564305466142,2.439700912184871,False,8.0,0.16666666666666666,MLE
7.0,-0.00542974388430682,-9.608435947662432,-1.0708070562047807,False,8.0,0.16666666666666666,MLE
7.0,0.058956526025488655,-3.817728928820845,1.3887812224505771,False,8.0,0.16666666666666666,MLE
7.0,-0.05642707565984281,2.100620091972268,10.730964187778572,False,8.0,0.16666666666666666,MLE
7.0,0.4311149885250554,-5.864108450068583,2.5427091618374313,True,8.0,0.16666666666666666,MLE
7.0,-0.2516260409590623,-4.570578444948306,0.9962960611889009,True,8.0,0.16666666666666666,MLE
7.0,0.21844408271919202,-3.7495141740612006,4.661872798747934,True,8.0,0.16666666666666666,MLE
7.0,0.00405856099364513,-2.9681441054465694,6.067025951913688,False,8.0,0.2,Data splitting
7.0,0.039244688601915836,-1.173427049815455,4.4336904210123285,False,8.0,0.2,Data splitting
7.0,-0.012220314739441991,-9.454259940074838,-0.17198145332278525,False,8.0,0.2,Data splitting
7.0,0.28225653442445575,-7.4635182940406075,1.2087619991587792,True,8.0,0.2,Data splitting
7.0,-0.29864579832486493,-0.8298164924517759,4.4473306996947315,True,8.0,0.2,Data splitting
7.0,0.32758665185900854,-2.0238102393362967,6.115656887434269,True,8.0,0.2,Data splitting
7.0,0.0064036227747296766,-3.527412268122145,1.6803160520609255,False,8.0,0.16666666666666666,Naive
7.0,0.040613131576516484,-1.0255275571086124,2.1769609639922245,False,8.0,0.16666666666666666,Naive
7.0,-0.01438083082497063,-4.575432313318895,0.649600737257428,False,8.0,0.16666666666666666,Naive
7.0,0.2800468019639997,-2.0569719991759285,2.9789988302024772,True,8.0,0.16666666666666666,Naive
7.0,-0.2923267363493475,-1.0470684514514037,2.176129327618456,True,8.0,0.16666666666666666,Naive
7.0,0.32936358246003083,-0.8559171692541245,4.2001962023609325,True,8.0,0.16666666666666666,Naive
7.0,0.007793845173914084,-2.4730063026795506,2.59107130846263,False,8.0,0.16666666666666666,Naive
7.0,0.06413644490218577,-3.70779109344228,-0.5174103252662208,False,8.0,0.16666666666666666,Naive
7.0,-0.061944221372468265,-0.032410364310802464,5.040721070877989,False,8.0,0.16666666666666666,Naive
7.0,0.011836587137693984,-3.137642103850279,1.9875741909405436,False,8.0,0.16666666666666666,Naive
7.0,-0.05417533052997409,-0.7046543736839856,2.4928044977576596,False,8.0,0.16666666666666666,Naive
7.0,0.03981924764666922,-4.299100387226213,0.8261601732740693,False,8.0,0.16666666666666666,Naive
8.0,0.004094912705304925,-4.162253407719425,5.451536543934934,False,8.0,0.0,MLE
8.0,0.012896653849426842,1.9130122336387245,7.7729861150334045,False,8.0,0.0,MLE
8.0,0.013562710467975364,-5.411469614003776,4.370031491544964,False,8.0,0.0,MLE
8.0,-0.002782161698579517,-3.9820099162834337,4.7826514629119705,False,8.0,0.0,MLE
8.0,0.05170848943220212,0.9128701878161323,6.602682204139718,False,8.0,0.0,MLE
8.0,-0.017147724666804268,-3.44675317703917,5.325322692594485,False,8.0,0.0,MLE
8.0,-0.11920310870981426,-5.263111375236385,3.3350171946533083,False,8.0,0.0,Data splitting
8.0,-0.033694324489275444,-3.9693593693426186,1.5506715326592282,False,8.0,0.0,Data splitting
8.0,0.06453126876420656,-4.148830721458984,3.7070091202886606,False,8.0,0.0,Data splitting
8.0,0.03776058250335055,-9.401408805487307,-0.49736146455534236,False,8.0,0.0,Data splitting
8.0,0.024341951138340666,-1.0825243920202414,5.082804774102229,False,8.0,0.0,Data splitting
8.0,0.05051246424512077,4.2957062207601195,13.555073146818657,False,8.0,0.0,Data splitting
8.0,-0.020539018663511335,-0.5117797316191908,9.532485275405795,False,8.0,0.0,Data splitting
8.0,-0.027597097998605324,-2.434752851153364,3.9193628869433548,False,8.0,0.0,Data splitting
8.0,-0.04243618079459911,-12.446802376221406,-0.5751027445006853,False,8.0,0.0,Data splitting
8.0,-0.013019821369936402,0.49979417166263396,9.345604499858002,False,8.0,0.0,Data splitting
8.0,0.05844918536949079,-1.9032039681129542,4.073500141676128,False,8.0,0.0,Data splitting
8.0,-0.0018311120147735797,-7.278801760319547,1.5573373557757484,False,8.0,0.0,Data splitting
8.0,0.080443139938262,-8.819840550547003,0.4493387408448921,False,8.0,0.0,Data splitting
8.0,-0.003607516494033638,-3.636597515395517,2.2759533253117232,False,8.0,0.0,Data splitting
8.0,-0.08863194975800535,-4.194926406119385,5.489712143960674,False,8.0,0.0,Data splitting
8.0,0.03936258475863049,-4.15391884550162,0.864263869793823,False,8.0,0.0,Naive
8.0,0.021054678551492918,-0.4260329253537052,2.860814782336541,False,8.0,0.0,Naive
8.0,0.04842019386857283,2.0200730517264254,7.038960625280273,False,8.0,0.0,Naive
8.0,-0.004923067990862653,-1.2792844024027759,3.8849641727169884,False,8.0,0.0,Naive
8.0,0.0513218444873581,-0.27506949849927675,2.9972448109969356,False,8.0,0.0,Naive
8.0,-0.018629451648312475,-1.2979944089704896,3.8710713312714713,False,8.0,0.0,Naive
9.0,-0.04502776414391428,-4.06884947865919,4.743999969626334,False,8.0,0.4615384615384615,MLE
9.0,-0.06772620880438303,-1.5800522828999857,3.2189252295627035,False,8.0,0.4615384615384615,MLE
9.0,-0.008459169850910681,-5.171463996461606,3.7560157128757496,False,8.0,0.4615384615384615,MLE
9.0,0.363776172230558,-4.755894495842436,4.137123990417197,True,8.0,0.4615384615384615,MLE
9.0,0.3077506231856959,-1.9549004486100767,3.780181558822558,True,8.0,0.4615384615384615,MLE
9.0,0.23994343117316838,-5.204005744578838,3.706230835181447,True,8.0,0.4615384615384615,MLE
9.0,-0.26145957733967373,-3.069299134949177,5.690159157170094,True,8.0,0.4615384615384615,MLE
9.0,-0.31009489357454867,-3.575685173883711,2.2515614615993202,True,8.0,0.4615384615384615,MLE
9.0,-0.3216012742790144,-3.324439841425813,5.525586390839969,True,8.0,0.4615384615384615,MLE
9.0,-0.32226783883907295,-8.84225874010159,0.15606999223015805,True,8.0,0.4615384615384615,MLE
9.0,-0.3111484582473118,-4.244810910445916,1.486143837760111,True,8.0,0.4615384615384615,MLE
9.0,0.3011827731369715,-2.37315585701656,6.661997532731553,True,8.0,0.4615384615384615,MLE
9.0,-0.07884181528791354,-4.512403587866888,4.286766795451452,False,8.0,0.4615384615384615,MLE
9.0,0.024483382050782602,-0.7390567410445672,5.006129162641988,False,8.0,0.4615384615384615,MLE
9.0,0.026489374099753802,-7.794021115658191,0.908261317539877,False,8.0,0.4615384615384615,MLE
9.0,-0.0646206522361955,-7.965572133518402,0.9590074735807876,False,8.0,0.0,Data splitting
9.0,-0.030796874588666666,-0.9502826799233814,4.871135338376554,False,8.0,0.0,Data splitting
9.0,0.009884373670980077,-1.7680589852239588,7.095560025376827,False,8.0,0.0,Data splitting
9.0,-0.023512131528604506,-8.601916127122381,1.1258269884894854,False,8.0,0.0,Data splitting
9.0,0.08338164278536167,-3.935657325167756,2.3186525784016956,False,8.0,0.0,Data splitting
9.0,0.03323480100476905,-0.048858055976779724,11.001339409245855,False,8.0,0.0,Data splitting
9.0,-0.06592849778605231,-3.8665684639647524,5.5010693969842075,False,8.0,0.0,Data splitting
9.0,0.027263087665190568,-2.662266129460494,3.032692831389109,False,8.0,0.0,Data splitting
9.0,0.013742222098013429,-6.251844214002232,3.3447020204775297,False,8.0,0.0,Data splitting
9.0,0.001995586201317436,-5.864931180374064,3.2492021578363017,False,8.0,0.0,Data splitting
9.0,-0.014059865916395917,-5.4801864268461795,0.04404818993633386,False,8.0,0.0,Data splitting
9.0,0.009392659132078807,-4.806831295457498,3.630390273298226,False,8.0,0.0,Data splitting
9.0,-0.0616665177056617,-2.588965673785311,2.516459972574099,False,8.0,0.0,Naive
9.0,0.027958865680864756,-0.7918423737384849,2.509218206940106,False,8.0,0.0,Naive
9.0,0.003494407033183661,-5.681074141688247,-0.5684330348206625,False,8.0,0.0,Naive
0.0,0.3257168855027089,-8.369665317339493,1.167342855282092,True,10.0,0.4,MLE
0.0,0.2784416420529412,-4.273370691592648,1.3913211569020196,True,10.0,0.4,MLE
0.0,0.2476075461136752,0.6611769170702146,10.187457028731306,True,10.0,0.4,MLE
0.0,-0.021884844221602986,-3.4349066438396365,6.05826919464038,False,10.0,0.4,MLE
0.0,-0.01948176233247557,-2.811020610451397,2.890893580069166,False,10.0,0.4,MLE
0.0,0.007257074102945395,-6.642988834790819,2.898286915451059,False,10.0,0.4,MLE
0.0,0.31786007035886854,-5.822565598624649,3.0308290339670165,True,10.0,0.4,MLE
0.0,-0.3094689106274015,-5.004342675736132,0.6573839181181773,True,10.0,0.4,MLE
0.0,-0.3215381222004309,-7.878598716030131,0.9689673916525421,True,10.0,0.4,MLE
0.0,-0.3093643750913335,-3.7316185015564325,5.323453288841726,True,10.0,0.4,MLE
0.0,0.3094874081061842,-3.42531923025443,2.247954203622584,True,10.0,0.4,MLE
0.0,0.31798989205728245,-5.025685333653028,4.03765863932837,True,10.0,0.4,MLE
0.0,0.07391010592511611,-6.129081943604793,3.1165163491825085,False,10.0,0.4,MLE
0.0,0.03229220438733318,-0.47397580533809025,5.220105364834531,False,10.0,0.4,MLE
0.0,-0.0881135214744839,-1.6954606439413675,7.579148773587716,False,10.0,0.4,MLE
0.0,0.3176482579989086,-8.007590680153427,1.5103534236814022,True,10.0,0.25,Data splitting
0.0,0.2824016449018268,-3.8008793752011805,2.0718874431536793,True,10.0,0.25,Data splitting
0.0,0.2624370473775707,-0.30434882064767166,9.51962041520824,True,10.0,0.25,Data splitting
0.0,-9.500702741616403e-05,-5.8974976208962,3.1182699828408436,False,10.0,0.25,Data splitting
0.0,-0.005870451078212243,-5.371714000652114,0.5891879204084987,False,10.0,0.25,Data splitting
0.0,0.014597351902540079,-3.9225232739474665,5.249476292539044,False,10.0,0.25,Data splitting
0.0,0.011648815492605425,-6.986024902998303,1.696663231285906,False,10.0,0.25,Data splitting
0.0,-0.054125874147709745,-3.6083036009657197,2.2981114151733553,False,10.0,0.25,Data splitting
0.0,0.005775441215806664,-1.9026590661078382,7.020752273512161,False,10.0,0.25,Data splitting
0.0,0.34308581529360743,-7.076718518871507,1.7305981019111507,True,10.0,0.25,Data splitting
0.0,-0.30187521513568094,-5.748883126390357,-0.06602064147859332,True,10.0,0.25,Data splitting
0.0,-0.32879537898282846,-5.236038792935348,3.1192539592410373,True,10.0,0.25,Data splitting
0.0,0.05493636390790716,-9.869280275610851,-1.338913920836072,False,10.0,0.25,Data splitting
0.0,-0.002596794158069774,-3.733737616400048,1.6462186512725916,False,10.0,0.25,Data splitting
0.0,0.019319137447151406,2.6602956644659863,10.235987172843476,False,10.0,0.25,Data splitting
0.0,-0.002560094691536145,-2.1628686916759654,6.992091287524243,False,10.0,0.25,Data splitting
0.0,0.03215685118641618,-2.4192017442091727,3.442394880954467,False,10.0,0.25,Data splitting
0.0,0.011194489363722296,-8.579245047924752,0.7161270720251358,False,10.0,0.25,Data splitting
0.0,0.32273285556897147,-3.2388517671741592,1.85360340115178,True,10.0,0.16666666666666669,Naive
0.0,-0.30236429570116324,-3.59086761920679,-0.33353863908123427,True,10.0,0.16666666666666669,Naive
0.0,-0.29552673460509676,-4.77231876986407,0.3147157970040553,True,10.0,0.16666666666666669,Naive
0.0,0.03197773229164167,-4.78001497544981,0.2298462052443715,False,10.0,0.16666666666666669,Naive
0.0,0.004331477415363842,-4.4569207333267,-1.166711190827118,False,10.0,0.16666666666666669,Naive
0.0,0.014050570731674124,1.9416313258684177,6.993544757753126,False,10.0,0.16666666666666669,Naive
1.0,-0.13497849589835725,0.6677364725735933,9.924288213262681,False,10.0,0.14285714285714288,MLE
1.0,-0.02613930834488654,-0.35226796795520476,5.187759166822266,False,10.0,0.14285714285714288,MLE
1.0,0.1051375197810618,-6.605201039543978,2.597475524513431,False,10.0,0.14285714285714288,MLE
1.0,-0.23180581051480686,-6.008371285396409,2.4069624157458467,True,10.0,0.14285714285714288,MLE
1.0,-0.27341535572332204,-2.006849065510936,3.1837185411214746,True,10.0,0.14285714285714288,MLE
1.0,0.2558335814867084,-2.5774034301776827,5.840342584343194,True,10.0,0.14285714285714288,MLE
1.0,0.02518245156462787,-3.165810025209092,5.72004575835963,False,10.0,0.14285714285714288,MLE
1.0,0.02032399916854143,-2.123902682522951,3.4029377939543006,False,10.0,0.14285714285714288,MLE
1.0,-0.011628307702660738,-5.702062800728441,3.215555320678418,False,10.0,0.14285714285714288,MLE
1.0,0.028804443493867612,-2.1615407329639846,7.062796590417337,False,10.0,0.14285714285714288,MLE
1.0,0.1010029829822978,-2.509528932811757,3.106309612563254,False,10.0,0.14285714285714288,MLE
1.0,0.01847201815481612,-12.259582592699468,-3.0226403224855414,False,10.0,0.14285714285714288,MLE
1.0,-0.2325673784844847,-5.82182131657704,3.899878650963886,True,10.0,0.14285714285714288,Data splitting
1.0,-0.2705798547745586,-0.6832871599264201,5.2656467646635425,True,10.0,0.14285714285714288,Data splitting
1.0,0.25219233423905274,-3.170625104116334,8.115056704063678,True,10.0,0.14285714285714288,Data splitting
1.0,-0.0923380609011538,-5.025992861878578,3.807526462089383,False,10.0,0.14285714285714288,Data splitting
1.0,0.028891892094779662,-5.120000182684502,0.5347866573341475,False,10.0,0.14285714285714288,Data splitting
1.0,0.09954176197509097,-6.435180741453022,2.044978356015775,False,10.0,0.14285714285714288,Data splitting
1.0,0.03691988554493186,-4.483112029171093,4.757614990146181,False,10.0,0.14285714285714288,Data splitting
1.0,0.09786035407866299,-2.9085500081387883,2.64279620199354,False,10.0,0.14285714285714288,Data splitting
1.0,0.006503519855174747,-8.896216468551383,0.42312609866202866,False,10.0,0.14285714285714288,Data splitting
1.0,-0.13242043679002527,-6.910757827232079,2.670773861248954,False,10.0,0.14285714285714288,Data splitting
1.0,0.04488826516125548,-2.3758039694488033,3.519560656745326,False,10.0,0.14285714285714288,Data splitting
1.0,0.1176559487863082,-5.169543309258917,5.61224879530449,False,10.0,0.14285714285714288,Data splitting
1.0,-0.2325673784844847,-2.2239643458095966,2.7076044866494113,True,10.0,0.14285714285714288,Naive
1.0,-0.2705798547745586,0.12818828400975657,3.3746525798416567,True,10.0,0.14285714285714288,Naive
1.0,0.25219233423905274,-0.8967981007812282,4.060252172109636,True,10.0,0.14285714285714288,Naive
1.0,-0.0923380609011538,-1.4081343842082543,3.733674632347495,False,10.0,0.14285714285714288,Naive
1.0,0.028891892094779662,-1.4940833538733156,1.7297864629382564,False,10.0,0.14285714285714288,Naive
1.0,0.09954176197509097,-6.18444191546196,-1.0381325106388775,False,10.0,0.14285714285714288,Naive
1.0,0.03691988554493186,-2.5830309094434396,2.702926732636125,False,10.0,0.14285714285714288,Naive
1.0,0.09786035407866299,-2.2078397510731818,1.0364887762855566,False,10.0,0.14285714285714288,Naive
1.0,0.006503519855174747,-5.887577461698373,-0.5919264265230115,False,10.0,0.14285714285714288,Naive
1.0,-0.13242043679002527,-1.7045836113064907,3.351019109004864,False,10.0,0.14285714285714288,Naive
1.0,0.04488826516125548,-0.8141526897366965,2.483943595701367,False,10.0,0.14285714285714288,Naive
1.0,0.1176559487863082,-6.086210343284551,-0.9479196894049724,False,10.0,0.14285714285714288,Naive
2.0,-0.29732772426188425,-3.587517843786258,5.384492390095365,True,10.0,0.15384615384615383,MLE
2.0,0.3204424915694636,-4.348953609462137,0.8570188169778532,True,10.0,0.15384615384615383,MLE
2.0,-0.2828218379945099,-5.0758964145797085,4.0127180792489545,True,10.0,0.15384615384615383,MLE
2.0,0.024069302254217433,1.9646695558350213,10.711431730691125,False,10.0,0.15384615384615383,MLE
2.0,-0.02873200200882261,-1.909876971122768,3.8598101997169407,False,10.0,0.15384615384615383,MLE
2.0,-0.022682643773569003,-6.09089360034037,2.673587970882463,False,10.0,0.15384615384615383,MLE
2.0,-0.02539409915302998,-4.496361790011633,4.745776029337387,False,10.0,0.15384615384615383,MLE
2.0,0.03795140905449438,-3.898378928810059,1.9052406338563055,False,10.0,0.15384615384615383,MLE
2.0,0.027161301683104076,-4.275142575033479,5.031253200655824,False,10.0,0.15384615384615383,MLE
2.0,0.017624821397419648,-3.7007113137311975,5.954473489294488,False,10.0,0.37499999999999994,Data splitting
2.0,0.05627440256630379,-5.376551365409365,0.824927379436772,False,10.0,0.37499999999999994,Data splitting
2.0,-0.06506110331999754,-8.498794659857067,2.0470651232564756,False,10.0,0.37499999999999994,Data splitting
2.0,-0.27815410933048434,-5.531114172589059,3.774912925124192,True,10.0,0.37499999999999994,Data splitting
2.0,-0.28617052729281495,-7.346513439292713,-1.648694834388234,True,10.0,0.37499999999999994,Data splitting
2.0,0.2965539390344468,-0.5376638794685973,8.226172694575906,True,10.0,0.37499999999999994,Data splitting
2.0,0.1890752409115793,-2.5944234606991556,7.560567555216608,True,10.0,0.37499999999999994,Data splitting
2.0,0.2741368084686488,-0.9820530044347544,5.272358705357716,True,10.0,0.37499999999999994,Data splitting
2.0,-0.24697127104803573,-8.135138628844514,3.3340728964598,True,10.0,0.37499999999999994,Data splitting
2.0,0.36803291609579547,-2.3647700290122637,5.987601764577671,True,10.0,0.37499999999999994,Data splitting
2.0,-0.29516827333982654,-2.0015453198686477,3.1557925582978354,True,10.0,0.37499999999999994,Data splitting
2.0,0.2345682988085879,-5.663115965153207,1.4414397638951475,True,10.0,0.37499999999999994,Data splitting
2.0,0.027441942773233967,-2.4732659289797643,7.464349855807235,False,10.0,0.37499999999999994,Data splitting
2.0,-0.006373182328421087,-1.3037954651989725,4.785058653817875,False,10.0,0.37499999999999994,Data splitting
2.0,-0.004447644163570894,-6.757932440830268,4.317035330385001,False,10.0,0.37499999999999994,Data splitting
2.0,-0.10174888960336904,-7.795771646055385,1.6149936344673979,False,10.0,0.37499999999999994,Data splitting
2.0,0.03720222983674312,-6.08610365006232,-0.23233590404723614,False,10.0,0.37499999999999994,Data splitting
2.0,0.07581031714017283,1.4418233927221635,10.862261998226833,False,10.0,0.37499999999999994,Data splitting
2.0,0.014034851128165706,1.8917049259769256,6.926739980628909,False,10.0,0.0,Naive
2.0,-0.028292617386829987,-0.2970964124783151,3.017325944312409,False,10.0,0.0,Naive
2.0,-0.0026748415028758307,-4.1033882443623835,0.9270799906639628,False,10.0,0.0,Naive
2.0,-0.05752270752665896,-3.0953917867690817,2.2348717410940013,False,10.0,0.0,Naive
2.0,0.05711444712443097,-3.9952131717515087,-0.6912725320265363,False,10.0,0.0,Naive
2.0,0.017363477310286944,-0.10701179634408042,5.219465763000795,False,10.0,0.0,Naive
3.0,0.004556235277023177,-6.092026206230879,2.6662902415398344,False,10.0,0.23529411764705882,MLE
3.0,-0.02703058347299247,-1.9463911748339706,2.7985711864601175,False,10.0,0.23529411764705882,MLE
3.0,-0.0043827806161684454,-5.608886988117765,3.3381215406804845,False,10.0,0.23529411764705882,MLE
3.0,0.08981478627392178,-7.159676677057653,2.1959240633366983,False,10.0,0.23529411764705882,MLE
3.0,0.03736784530507031,-1.6333789424865568,3.496403957705277,False,10.0,0.23529411764705882,MLE
3.0,-0.03173246058629971,-4.250735068722402,5.049576139248061,False,10.0,0.23529411764705882,MLE
3.0,0.01254333297089671,0.25871509382468627,9.156572896912753,False,10.0,0.23529411764705882,MLE
3.0,-0.00691825063410901,-2.0118518990381897,3.7760885528760753,False,10.0,0.23529411764705882,MLE
3.0,-0.04746620975135624,-8.502752880713949,0.41937033847073923,False,10.0,0.23529411764705882,MLE
3.0,0.06612002884340716,-2.53027853723629,7.026811316108624,False,10.0,0.23529411764705882,MLE
3.0,0.08000366157327857,-3.019858569605952,2.762125475566644,False,10.0,0.23529411764705882,MLE
3.0,-0.04757293913435229,-4.724613296336558,4.84389037472807,False,10.0,0.23529411764705882,MLE
3.0,0.23862323757546566,-4.883908989779506,3.89386409394443,True,10.0,0.23529411764705882,MLE
3.0,-0.2896720427888264,-2.617395564163356,3.1524839459560203,True,10.0,0.23529411764705882,MLE
3.0,0.3618497283961847,-1.747885474349311,7.005725575727667,True,10.0,0.23529411764705882,MLE
3.0,-0.32492992441199553,-4.1998049684235985,4.957450820048792,True,10.0,0.23529411764705882,MLE
3.0,0.30352869287302886,-4.733972739675242,1.2168186106570542,True,10.0,0.23529411764705882,MLE
3.0,-0.2884596070435817,-4.898661823663988,4.4560850537697325,True,10.0,0.23529411764705882,MLE
3.0,-0.027941759234840352,-4.324302214461846,4.746310409824308,False,10.0,0.23529411764705882,MLE
3.0,0.00918682408214919,-1.2765745550568162,4.172582031916786,False,10.0,0.23529411764705882,MLE
3.0,0.0351736601767908,-2.4819278890713425,6.554683211461799,False,10.0,0.23529411764705882,MLE
3.0,-0.3407464200238367,-3.2256613789385438,6.596285031277299,True,10.0,0.26666666666666666,Data splitting
3.0,-0.3612998643803539,-2.6017422026278227,3.171616012055681,True,10.0,0.26666666666666666,Data splitting
3.0,0.34899108468246914,-8.430372989459025,1.9654493099903707,True,10.0,0.26666666666666666,Data splitting
3.0,0.06165207402936904,-7.578244436767456,1.94168357125946,False,10.0,0.26666666666666666,Data splitting
3.0,0.061848522032504835,-3.13781736235616,2.9220676953629763,False,10.0,0.26666666666666666,Data splitting
3.0,-0.034354197181513654,-1.9747644722256474,7.9895506841926895,False,10.0,0.26666666666666666,Data splitting
3.0,0.018023475511993618,-8.490301962992849,0.6464039704381936,False,10.0,0.26666666666666666,Data splitting
3.0,-0.03625283017956507,1.056625647065407,6.803645416852129,False,10.0,0.26666666666666666,Data splitting
3.0,-0.025111061748886266,-2.50794551507704,6.787325959259768,False,10.0,0.26666666666666666,Data splitting
3.0,0.3446933361643347,-7.044681712973082,2.8365894195667214,True,10.0,0.26666666666666666,Data splitting
3.0,-0.30161131604073305,-7.622541302759695,-1.8156567485148707,True,10.0,0.26666666666666666,Data splitting
3.0,0.29326438036418595,-1.847894392873489,8.848137166727021,True,10.0,0.26666666666666666,Data splitting
3.0,-0.02222576870659823,-1.87752437655899,7.083159576071413,False,10.0,0.26666666666666666,Data splitting
3.0,0.03658163422084867,-3.2102339908310236,2.6051811587385076,False,10.0,0.26666666666666666,Data splitting
3.0,0.007966789931195602,-8.849239959957618,0.36937327201154524,False,10.0,0.26666666666666666,Data splitting
3.0,0.3820154432679556,-3.277836757222994,2.175366421285748,True,10.0,0.18181818181818182,Naive
3.0,-0.33108200147242506,-4.787218239927848,-1.4862819345679363,True,10.0,0.18181818181818182,Naive
3.0,0.25516060161732085,-2.743080755370155,2.7108470508890616,True,10.0,0.18181818181818182,Naive
4.0,0.026747577410621646,-4.029159614842545,4.758516732758659,False,10.0,0.3157894736842105,MLE
4.0,-0.04177158192772943,-5.517268903139179,0.03836668270763566,False,10.0,0.3157894736842105,MLE
4.0,-0.027541316386439012,-6.221246297166745,2.598385480290706,False,10.0,0.3157894736842105,MLE
4.0,0.3352840403737261,-1.7826027860975593,7.676536476248604,True,10.0,0.3157894736842105,MLE
4.0,-0.2821816128094959,0.9371767004154865,6.614272941689219,True,10.0,0.3157894736842105,MLE
4.0,-0.3477595879351927,-4.016086767520666,5.485543361092788,True,10.0,0.3157894736842105,MLE
4.0,-0.062467231110419415,-4.970586165919722,4.634724117798863,False,10.0,0.3157894736842105,MLE
4.0,0.014252281443972068,-1.8204282590095375,3.871570543139422,False,10.0,0.3157894736842105,MLE
4.0,0.09885661498664544,-6.639899573810579,3.0226307267324763,False,10.0,0.3157894736842105,MLE
4.0,0.039168693212840645,-1.2196783610576567,7.5306934705749775,False,10.0,0.3157894736842105,MLE
4.0,-0.015963893876490703,-2.6835659758225914,3.0001065246349468,False,10.0,0.3157894736842105,MLE
4.0,-0.038237602379006835,-5.770881607375644,3.1272933448316995,False,10.0,0.3157894736842105,MLE
4.0,-0.41468266512880025,-4.664032759957587,5.06159171275109,True,10.0,0.3157894736842105,MLE
4.0,0.2710330160665907,-3.8742409916275418,1.8785340666506456,True,10.0,0.3157894736842105,MLE
4.0,-0.1683265305118025,-7.08687469666498,2.716313769570417,True,10.0,0.3157894736842105,MLE
4.0,0.26211389158487725,-4.688757919371232,4.408269460874967,True,10.0,0.3157894736842105,MLE
4.0,-0.3433752097138934,-5.631800671375548,0.11210197587694548,True,10.0,0.3157894736842105,MLE
4.0,0.3470305795179448,-5.276321819457149,3.9023722824046274,True,10.0,0.3157894736842105,MLE
4.0,0.013363885284864223,-5.094157736547892,4.146128597695956,False,10.0,0.3157894736842105,MLE
4.0,0.03037630468528275,-5.0721996118136286,0.7327179597814752,False,10.0,0.3157894736842105,MLE
4.0,-0.024913499900240145,-5.169361208832977,4.19705249903878,False,10.0,0.3157894736842105,MLE
4.0,-0.06014452621907814,-2.567253594648606,6.87124100112096,False,10.0,0.3157894736842105,MLE
4.0,0.015398702705397954,-3.5713597938413026,2.048737277270392,False,10.0,0.3157894736842105,MLE
4.0,0.051029188900129564,-7.631617076399124,1.916766674804705,False,10.0,0.3157894736842105,MLE
4.0,-0.021205671332396273,-1.6417022953483262,7.042371931165334,False,10.0,0.3157894736842105,MLE
4.0,-0.015122184193502192,-2.7369018107797887,2.947044931994693,False,10.0,0.3157894736842105,MLE
4.0,-0.02792238425786569,-3.4467445789495645,5.213686429637969,False,10.0,0.3157894736842105,MLE
4.0,0.31794827223732414,2.3195352531548616,11.907430886863612,True,10.0,0.47058823529411764,Data splitting
4.0,-0.2797342746810929,-3.972825243790327,1.4855791958689228,True,10.0,0.47058823529411764,Data splitting
4.0,-0.3251409597361482,-9.318599452885385,-0.16822008298354518,True,10.0,0.47058823529411764,Data splitting
4.0,-0.37272892464588353,-8.983378609931084,1.2691083826987066,True,10.0,0.47058823529411764,Data splitting
4.0,0.2750437064199273,-5.752221658563149,0.5908779761592173,True,10.0,0.47058823529411764,Data splitting
4.0,-0.20775203098769437,-1.4322252860114304,9.972433884639113,True,10.0,0.47058823529411764,Data splitting
4.0,0.2572385461948694,-0.18373924303100875,9.193436775745717,True,10.0,0.47058823529411764,Data splitting
4.0,-0.33089601910916694,-3.883264283445138,1.8588910634064357,True,10.0,0.47058823529411764,Data splitting
4.0,0.3354529805263455,-9.848370028158222,-0.23432209964495065,True,10.0,0.47058823529411764,Data splitting
4.0,0.019399892023056444,-4.902683958493248,3.8488116802408867,False,10.0,0.47058823529411764,Data splitting
4.0,0.04358793601410194,-0.8713877730613597,4.787933648174495,False,10.0,0.47058823529411764,Data splitting
4.0,-0.039365819046347415,-4.501486374010885,3.7503291986657037,False,10.0,0.47058823529411764,Data splitting
4.0,0.3195768009373919,-7.825899526867632,1.8326765772951141,True,10.0,0.47058823529411764,Data splitting
4.0,-0.28608863949889074,-1.5237566871818333,4.5854651813347616,True,10.0,0.47058823529411764,Data splitting
4.0,0.33203463673669986,-2.838275985043514,7.371503667313958,True,10.0,0.47058823529411764,Data splitting
4.0,-0.03524433083971515,-5.556366265902001,4.574255387941961,False,10.0,0.47058823529411764,Data splitting
4.0,0.014145789375175223,-3.3422869078617343,2.66828174776289,False,10.0,0.47058823529411764,Data splitting
4.0,0.04048575548814168,-4.976677437014059,5.338302922094176,False,10.0,0.47058823529411764,Data splitting
4.0,-0.027794348199737542,-2.3465905272988388,6.845289102947259,False,10.0,0.47058823529411764,Data splitting
4.0,-0.00923020212186378,-1.0048660510391616,4.888474503520021,False,10.0,0.47058823529411764,Data splitting
4.0,-0.022662957467911356,-4.2563532531143995,5.444384710735765,False,10.0,0.47058823529411764,Data splitting
4.0,0.3824297302439657,0.7349102127795368,6.171108878582928,True,10.0,0.16666666666666669,Naive
4.0,-0.2909701266446694,-0.9241534558643544,2.3193110167406124,True,10.0,0.16666666666666669,Naive
4.0,-0.4287305719360585,-3.320099192779859,2.1137509224126867,True,10.0,0.16666666666666669,Naive
4.0,-0.0602318151774666,-0.8412635288256967,4.241898287014106,False,10.0,0.16666666666666669,Naive
4.0,0.0028589243799486278,-1.3866849756702717,1.858056614226523,False,10.0,0.16666666666666669,Naive
4.0,-0.02642582112686541,-0.8830362222642485,4.204417697938069,False,10.0,0.16666666666666669,Naive
5.0,0.04369750858256458,-4.894515619435332,3.658479475606349,False,10.0,0.0,MLE
5.0,-0.019750273159196717,-2.5820915095296533,3.076069186676764,False,10.0,0.0,MLE
5.0,-0.008505523549552583,-2.537806335740572,6.076104424371688,False,10.0,0.0,MLE
5.0,-0.003894810265625963,-4.24992776239073,4.927968957050936,False,10.0,0.0,MLE
5.0,0.017800033604034923,-4.241283147454231,1.4228271720070196,False,10.0,0.0,MLE
5.0,0.05649779442275735,0.3549455503905685,9.55148072201882,False,10.0,0.0,MLE
5.0,-0.06662930056898063,-4.460329024641545,4.499317011115287,False,10.0,0.0,MLE
5.0,0.02368957963135458,-3.549160644223856,2.159099204080963,False,10.0,0.0,MLE
5.0,0.05264344906167319,-1.1592151701864397,7.854005260783388,False,10.0,0.0,MLE
5.0,-0.03055540302967804,-6.153623111916667,3.251851464093062,False,10.0,0.0,MLE
5.0,0.003329977201193179,-2.237642154748336,2.7956601577509117,False,10.0,0.0,MLE
5.0,0.030145354001391976,-3.0775155870850375,6.079287833831507,False,10.0,0.0,MLE
5.0,-0.023421601460792453,-3.1941742490097393,5.659365266699011,False,10.0,0.0,MLE
5.0,-0.015528362983405907,-4.022342291119445,1.4765106750498815,False,10.0,0.0,MLE
5.0,0.002041383305460417,-7.362620594768862,1.5173519099307944,False,10.0,0.0,MLE
5.0,0.3848649481723632,-10.048464478709256,-0.5128585435690214,True,10.0,0.13333333333333333,Data splitting
5.0,-0.3472371446240137,-0.3758766804001099,5.88535464171614,True,10.0,0.13333333333333333,Data splitting
5.0,-0.29564751811600254,-2.945667104054795,7.7277649703195355,True,10.0,0.13333333333333333,Data splitting
5.0,0.03980771237647713,-4.719607929086305,3.4898766348933883,False,10.0,0.13333333333333333,Data splitting
5.0,-0.023871271989059247,-6.508593944457994,-1.1483147809777625,False,10.0,0.13333333333333333,Data splitting
5.0,-0.0031711769563092596,-2.8098024105329653,4.1662156926971985,False,10.0,0.13333333333333333,Data splitting
5.0,-0.06278384077456794,-2.308422140030701,7.168699208834842,False,10.0,0.13333333333333333,Data splitting
5.0,0.01862175345134827,-2.003934493138472,4.470522802607074,False,10.0,0.13333333333333333,Data splitting
5.0,0.05163142526033,-6.163900915537661,4.607879057055185,False,10.0,0.13333333333333333,Data splitting
5.0,0.002998378534582376,-3.921972038554245,5.45287124954823,False,10.0,0.13333333333333333,Data splitting
5.0,0.003192254850962632,-0.8315256894476544,4.54074687502976,False,10.0,0.13333333333333333,Data splitting
5.0,-0.00616219625610086,-4.277218226812269,4.5286542704513115,False,10.0,0.13333333333333333,Data splitting
5.0,-0.02553169282223409,1.4611321830151223,10.628232876371435,False,10.0,0.13333333333333333,Data splitting
5.0,-0.01299252458991983,-4.3159555635730715,1.5218847609854573,False,10.0,0.13333333333333333,Data splitting
5.0,0.010360794892249595,-11.721681370374856,-2.115083924984555,False,10.0,0.13333333333333333,Data splitting
5.0,-0.06329862734598816,-2.6322609079805512,2.4994279441712353,False,10.0,0.0,Naive
5.0,0.021417620305344328,-0.7329564140564733,2.5388023281619425,False,10.0,0.0,Naive
5.0,0.04718398119973833,0.1469709709062892,5.316516193259833,False,10.0,0.0,Naive
6.0,0.04176987390573101,-7.564015891191114,1.6764735789931526,False,10.0,0.14285714285714288,MLE
6.0,0.04493226604867177,-0.44311163023390554,5.185428009239763,False,10.0,0.14285714285714288,MLE
6.0,-0.007705146643786064,-0.6751212157306381,8.564731200720072,False,10.0,0.14285714285714288,MLE
6.0,-0.05683654015582373,-5.544417702911565,3.223270112494742,False,10.0,0.14285714285714288,MLE
6.0,-0.032517831670132086,-4.8655377005297415,0.7400185332003479,False,10.0,0.14285714285714288,MLE
6.0,0.081078281051574,-4.379163453730981,4.367056093556944,False,10.0,0.14285714285714288,MLE
6.0,0.38530972253394574,-6.283923198451811,2.537028546908642,True,10.0,0.14285714285714288,MLE
6.0,-0.23974108983839668,-1.4459999416278888,4.250888969338468,True,10.0,0.14285714285714288,MLE
6.0,0.29963669504686036,-2.704097755395161,6.197019119326189,True,10.0,0.14285714285714288,MLE
6.0,0.11320998253164144,-4.98391879883173,3.7348531909577636,False,10.0,0.14285714285714288,MLE
6.0,-0.004771195118750888,-0.7093227578029433,4.888003947343027,False,10.0,0.14285714285714288,MLE
6.0,-0.07405152185403337,-4.479514579966635,4.458421596684692,False,10.0,0.14285714285714288,MLE
6.0,0.04320531885971961,-5.570514807808085,3.6591377592239773,False,10.0,0.14285714285714288,Data splitting
6.0,0.048569437750868534,-2.309831037472616,3.046009193686252,False,10.0,0.14285714285714288,Data splitting
6.0,-0.012205271363282148,-2.639586965160968,5.801534644299174,False,10.0,0.14285714285714288,Data splitting
6.0,-0.05226823186480829,-1.585668601310342,7.452736181033183,False,10.0,0.14285714285714288,Data splitting
6.0,-0.07945863124826426,-5.352841671151066,0.35749491597104344,False,10.0,0.14285714285714288,Data splitting
6.0,0.13595766538459422,-6.269965909431068,2.7598716718940928,False,10.0,0.14285714285714288,Data splitting
6.0,0.3862086789436743,-5.62007670804375,3.9901310086478,True,10.0,0.14285714285714288,Data splitting
6.0,-0.24503392863740378,-2.854014845295388,3.4319507685474626,True,10.0,0.14285714285714288,Data splitting
6.0,0.29362758772332215,-5.427402685978459,5.250051536957541,True,10.0,0.14285714285714288,Data splitting
6.0,0.10694991153959064,-4.8210992476519,4.353721654932142,False,10.0,0.14285714285714288,Data splitting
6.0,-0.003961547945878501,-2.3931453892675485,3.391229684210305,False,10.0,0.14285714285714288,Data splitting
6.0,-0.073718592685708,-6.753543503802491,2.370893115515771,False,10.0,0.14285714285714288,Data splitting
6.0,0.15451881376579507,-5.494910151014807,-0.28478044001255,False,10.0,0.0,Naive
6.0,-0.0058854656944690355,-1.3499528647663999,1.8774021998137176,False,10.0,0.0,Naive
6.0,-0.13484777632394762,-2.211329084442637,2.995166087194886,False,10.0,0.0,Naive
7.0,-0.20501478623525587,-6.107080256625362,2.5327004189898767,True,10.0,0.4615384615384615,MLE
7.0,-0.2910738852331482,-2.25701738659296,3.3529180468955677,True,10.0,0.4615384615384615,MLE
7.0,-0.34721431316580953,-1.2088117840440962,7.468670725106749,True,10.0,0.4615384615384615,MLE
7.0,0.31006785377552787,-6.427468144611611,2.705422500881317,True,10.0,0.4615384615384615,MLE
7.0,-0.30161556604058676,-1.277904652318419,4.436878680540837,True,10.0,0.4615384615384615,MLE
7.0,-0.3024745684048143,-3.1239130363907623,6.183617662704902,True,10.0,0.4615384615384615,MLE
7.0,0.19832859194626537,-4.331940267126711,4.0145190001220605,True,10.0,0.4615384615384615,MLE
7.0,-0.2885335993613944,-5.202435693569848,0.511546239835774,True,10.0,0.4615384615384615,MLE
7.0,0.43572635847893093,-1.472119543579029,7.004522864943847,True,10.0,0.4615384615384615,MLE
7.0,-0.3182667158414813,-4.795623868448037,4.415055345756051,True,10.0,0.16666666666666669,Data splitting
7.0,0.2724311480292766,-1.6099592284229043,4.700977495505049,True,10.0,0.16666666666666669,Data splitting
7.0,-0.2823867841823775,-6.326234302613755,3.7409347509109603,True,10.0,0.16666666666666669,Data splitting
7.0,0.05034936288028797,0.10280401838679243,9.287442696068904,False,10.0,0.16666666666666669,Data splitting
7.0,-0.0169468312494922,-2.6903948037027496,3.128031119456817,False,10.0,0.16666666666666669,Data splitting
7.0,-0.11302222660926149,-7.75995221984401,2.3161056889252234,False,10.0,0.16666666666666669,Data splitting
7.0,0.20975242049049023,-2.699050038580491,2.0949776404924028,True,10.0,0.18181818181818182,Naive
7.0,-0.28858620944614716,-1.809024813573447,1.4718382799934169,True,10.0,0.18181818181818182,Naive
7.0,0.4096568401333605,0.36212186791609957,5.2285051464808365,True,10.0,0.18181818181818182,Naive
8.0,-0.05026734739240698,-5.654544945697348,2.7828083236220476,False,10.0,0.0,MLE
8.0,-0.032670968864727,-4.1688986559090635,1.5602765976650563,False,10.0,0.0,MLE
8.0,0.0921284102637964,-7.008869249183778,1.342736360366732,False,10.0,0.0,MLE
8.0,0.010054209566288075,-7.1569512727049664,1.2897565141073946,False,10.0,0.0,MLE
8.0,-0.010231020678852398,-4.982333185242917,0.6737672224569109,False,10.0,0.0,MLE
8.0,0.0295667662028009,-2.4746471837273605,5.972882242061609,False,10.0,0.0,MLE
8.0,-0.04352823570772764,0.580751832234589,9.895664893442,False,10.0,0.0,MLE
8.0,-0.05425588687884808,-2.331595560072883,3.312964922439432,False,10.0,0.0,MLE
8.0,0.018947028046376792,-7.531657416568842,1.770210171386899,False,10.0,0.0,MLE
8.0,-0.016820873513052764,-2.98417411694164,6.198128818664122,False,10.0,0.0,MLE
8.0,0.07444894167324395,-4.197810631568339,0.4829185173802042,False,10.0,0.0,MLE
8.0,0.014478996638435238,-5.328238309140763,3.8733466145723776,False,10.0,0.0,MLE
8.0,-0.024223935346116946,-5.52543047898937,4.056210549648029,False,10.0,0.13333333333333333,Data splitting
8.0,0.018446517963542512,-0.003324051012472573,5.9002357414318585,False,10.0,0.13333333333333333,Data splitting
8.0,0.012069491353260162,-3.1075947978761134,6.4468434965259656,False,10.0,0.13333333333333333,Data splitting
8.0,-0.054363231607146345,-5.1001245582277,5.274925610818176,False,10.0,0.13333333333333333,Data splitting
8.0,-0.03818400809788765,-2.2090037884409823,4.163633257938096,False,10.0,0.13333333333333333,Data splitting
8.0,0.08161691886525523,-9.09893419836355,3.4131155593252798,False,10.0,0.13333333333333333,Data splitting
8.0,0.26120996059677437,-2.010163977142587,7.907209264209513,True,10.0,0.13333333333333333,Data splitting
8.0,-0.27835065838120243,-2.9091453356910466,2.995824603050769,True,10.0,0.13333333333333333,Data splitting
8.0,0.3271986278632596,-6.086160393090137,4.59460074451767,True,10.0,0.13333333333333333,Data splitting
8.0,-0.06403316943559378,-2.687369045854756,6.647238087188593,False,10.0,0.13333333333333333,Data splitting
8.0,-0.036700863576585356,-2.196172593797824,3.470394872273569,False,10.0,0.13333333333333333,Data splitting
8.0,0.026643805552145745,-5.648398474794804,3.179528438729812,False,10.0,0.13333333333333333,Data splitting
8.0,0.021434125911829725,-6.587625046681822,4.438798757595039,False,10.0,0.13333333333333333,Data splitting
8.0,0.05545149813392185,-5.042853125981751,1.669001675519991,False,10.0,0.13333333333333333,Data splitting
8.0,-0.026559968192241698,-7.899503309161988,5.499334679806114,False,10.0,0.13333333333333333,Data splitting
8.0,-0.04987723467221543,-2.3370810295826683,2.553615866192873,False,10.0,0.0,Naive
8.0,-0.033709808873194455,-2.1840518656642383,1.1043883762707702,False,10.0,0.0,Naive
8.0,0.09016363007013264,-5.915790707257484,-0.9789866541566776,False,10.0,0.0,Naive
8.0,-0.046313121777202045,0.36136261429053196,5.706780829940003,False,10.0,0.0,Naive
8.0,-0.05439443452727343,-1.094227677485159,2.1466047349228896,False,10.0,0.0,Naive
8.0,0.02125092720315682,-3.407223127129071,1.935247077778116,False,10.0,0.0,Naive
8.0,-0.017859350265836033,-2.65959671087348,2.625431620897641,False,10.0,0.0,Naive
8.0,0.07498230659160299,-4.554071444908716,-1.306826198331673,False,10.0,0.0,Naive
8.0,0.015849275626802207,-2.645711031289353,2.6401315759381614,False,10.0,0.0,Naive
9.0,-0.015566116094689792,-2.3525302780367765,6.654840650369278,False,10.0,0.3529411764705882,MLE
9.0,0.016418151860475884,-3.23195180490012,2.515735214843891,False,10.0,0.3529411764705882,MLE
9.0,-0.03205192422910399,-4.686611209460445,4.143008447741044,False,10.0,0.3529411764705882,MLE
9.0,0.2248017499160084,-0.4644233209994244,8.509038844912155,True,10.0,0.3529411764705882,MLE
9.0,-0.22437145629361835,-2.4686968217152616,2.5839082093833277,True,10.0,0.3529411764705882,MLE
9.0,0.36463995635668817,-6.872796430749589,2.128167288756603,True,10.0,0.3529411764705882,MLE
9.0,0.02695374906485509,-3.1495237941993013,5.418891782462667,False,10.0,0.3529411764705882,MLE
9.0,4.346127401305082e-05,-1.7469869998499847,3.9433684674268683,False,10.0,0.3529411764705882,MLE
9.0,0.01566784630593052,-4.5728511406863515,3.9132143567679,False,10.0,0.3529411764705882,MLE
9.0,-0.002311828421784196,-4.37316004494763,4.9562708058929115,False,10.0,0.3529411764705882,MLE
9.0,-0.05488215106427944,-3.151776548452223,2.8657727022835813,False,10.0,0.3529411764705882,MLE
9.0,-0.011826104163711836,-6.654374097439567,2.9394066364094504,False,10.0,0.3529411764705882,MLE
9.0,0.2522529802618311,-4.7317179868979435,3.676454753965799,True,10.0,0.3529411764705882,MLE
9.0,-0.3241480946716452,-2.8131071831683503,2.9462585755894146,True,10.0,0.3529411764705882,MLE
9.0,-0.3081126188009552,-4.548511478743031,4.470724764311579,True,10.0,0.3529411764705882,MLE
9.0,0.0328258099134768,-8.484464899619587,0.8576312823756242,False,10.0,0.3529411764705882,MLE
9.0,0.08298102771548439,-4.465228329699876,1.0542167774390951,False,10.0,0.3529411764705882,MLE
9.0,-0.03619375345080661,-3.722656030558906,5.542637103460171,False,10.0,0.3529411764705882,MLE
9.0,0.2750822372893665,-3.444443909730137,5.994618235357719,True,10.0,0.3529411764705882,MLE
9.0,0.29546431285433816,-3.4459096495444874,2.3681251517390822,True,10.0,0.3529411764705882,MLE
9.0,0.35220443003402185,-7.458103844824045,2.0209606150108694,True,10.0,0.3529411764705882,MLE
9.0,0.0014596005390275486,-2.6755201692901607,5.564837981815524,False,10.0,0.28571428571428575,Data splitting
9.0,0.0016819486712117,-1.5200375540721298,5.5411647047195665,False,10.0,0.28571428571428575,Data splitting
9.0,0.030687645829981163,-4.6501241250515735,4.1629766724409984,False,10.0,0.28571428571428575,Data splitting
9.0,-0.3288304403170654,-1.5480879695557968,7.290698594157172,True,10.0,0.28571428571428575,Data splitting
9.0,-0.33717761429901066,-1.8129472131512632,4.113905824345414,True,10.0,0.28571428571428575,Data splitting
9.0,-0.23508790812065725,-7.958813635929104,0.7783075532735353,True,10.0,0.28571428571428575,Data splitting
9.0,-0.029945760270206966,-4.305482880691105,4.7770834617107525,False,10.0,0.28571428571428575,Data splitting
9.0,-0.003109306876976003,-1.6814585054025288,3.9359616455825845,False,10.0,0.28571428571428575,Data splitting
9.0,-0.035512285190333996,-7.408613648807304,1.9226929130480546,False,10.0,0.28571428571428575,Data splitting
9.0,0.2547354078737467,-9.402725729943029,-0.15477648668303878,True,10.0,0.28571428571428575,Data splitting
9.0,-0.2857628345633309,-3.8338730963447416,1.6791738565644179,True,10.0,0.28571428571428575,Data splitting
9.0,-0.2976824602621305,-2.785488423246493,6.298121869822533,True,10.0,0.28571428571428575,Data splitting
9.0,0.24431597048207765,-7.293591419073037,-2.097407639295351,True,10.0,0.18181818181818182,Naive
9.0,-0.2839891643767218,-1.6880562193764796,1.608969833896108,True,10.0,0.18181818181818182,Naive
9.0,-0.3067014659059961,-0.504452137806533,4.6903697172768615,True,10.0,0.18181818181818182,Naive
